{
  "ExpressionLimit": {"Type": "All"},
  "CollapseSettings": {
    "CollapseType": "ERA",
    "EraPad": 0
  },
  "CensorWindow": {
    "StartDate": null,
    "EndDate": null
  },
  "ConceptSets": [
    {
      "expression": {"items": [
        {
          "isExcluded": false,
          "concept": {
            "INVALID_REASON_CAPTION": "Valid",
            "CONCEPT_ID": 4203994,
            "STANDARD_CONCEPT": "S",
            "CONCEPT_CODE": "438374004",
            "VOCABULARY_ID": "SNOMED",
            "CONCEPT_NAME": "Cervical laminoplasty with decompression of spinal cord",
            "DOMAIN_ID": "Procedure",
            "STANDARD_CONCEPT_CAPTION": "Standard",
            "CONCEPT_CLASS_ID": "Procedure",
            "INVALID_REASON": "V"
          },
          "includeMapped": false,
          "includeDescendants": true
        },
        {
          "isExcluded": false,
          "concept": {
            "INVALID_REASON_CAPTION": "Valid",
            "CONCEPT_ID": 40483740,
            "STANDARD_CONCEPT": "S",
            "CONCEPT_CODE": "445429009",
            "VOCABULARY_ID": "SNOMED",
            "CONCEPT_NAME": "Cervical laminectomy",
            "DOMAIN_ID": "Procedure",
            "STANDARD_CONCEPT_CAPTION": "Standard",
            "CONCEPT_CLASS_ID": "Procedure",
            "INVALID_REASON": "V"
          },
          "includeMapped": false,
          "includeDescendants": true
        },
        {
          "isExcluded": false,
          "concept": {
            "INVALID_REASON_CAPTION": "Valid",
            "CONCEPT_ID": 4001857,
            "STANDARD_CONCEPT": "S",
            "CONCEPT_CODE": "119605005",
            "VOCABULARY_ID": "SNOMED",
            "CONCEPT_NAME": "Vertebral column reconstruction",
            "DOMAIN_ID": "Procedure",
            "STANDARD_CONCEPT_CAPTION": "Standard",
            "CONCEPT_CLASS_ID": "Procedure",
            "INVALID_REASON": "V"
          },
          "includeMapped": false,
          "includeDescendants": false
        }
      ]},
      "name": "[PSB]- Surgery",
      "id": 5
    },
    {
      "expression": {"items": [
        {
          "isExcluded": false,
          "concept": {
            "INVALID_REASON_CAPTION": "Valid",
            "CONCEPT_ID": 19112670,
            "STANDARD_CONCEPT": "S",
            "CONCEPT_CODE": "483440",
            "VOCABULARY_ID": "RxNorm",
            "CONCEPT_NAME": "pregabalin 150 MG Oral Capsule",
            "DOMAIN_ID": "Drug",
            "STANDARD_CONCEPT_CAPTION": "Standard",
            "CONCEPT_CLASS_ID": "Clinical Drug",
            "INVALID_REASON": "V"
          },
          "includeMapped": false,
          "includeDescendants": false
        },
        {
          "isExcluded": false,
          "concept": {
            "INVALID_REASON_CAPTION": "Valid",
            "CONCEPT_ID": 19123161,
            "STANDARD_CONCEPT": "S",
            "CONCEPT_CODE": "607020",
            "VOCABULARY_ID": "RxNorm",
            "CONCEPT_NAME": "pregabalin 150 MG Oral Capsule [Lyrica]",
            "DOMAIN_ID": "Drug",
            "STANDARD_CONCEPT_CAPTION": "Standard",
            "CONCEPT_CLASS_ID": "Branded Drug",
            "INVALID_REASON": "V"
          },
          "includeMapped": false,
          "includeDescendants": false
        },
        {
          "isExcluded": false,
          "concept": {
            "INVALID_REASON_CAPTION": "Valid",
            "CONCEPT_ID": 2056689,
            "STANDARD_CONCEPT": "S",
            "CONCEPT_CODE": "OMOP4957526",
            "VOCABULARY_ID": "RxNorm Extension",
            "CONCEPT_NAME": "pregabalin 165 MG Extended Release Oral Tablet [Lyrica] by Pfizer",
            "DOMAIN_ID": "Drug",
            "STANDARD_CONCEPT_CAPTION": "Standard",
            "CONCEPT_CLASS_ID": "Marketed Product",
            "INVALID_REASON": "V"
          },
          "includeMapped": false,
          "includeDescendants": false
        }
      ]},
      "name": "(2)[PSB]-Drug-medium level 300clinical use",
      "id": 9
    },
    {
      "expression": {"items": [
        {
          "isExcluded": false,
          "concept": {
            "INVALID_REASON_CAPTION": "Valid",
            "CONCEPT_ID": 734392,
            "STANDARD_CONCEPT": "S",
            "CONCEPT_CODE": "483444",
            "VOCABULARY_ID": "RxNorm",
            "CONCEPT_NAME": "pregabalin 300 MG Oral Capsule",
            "DOMAIN_ID": "Drug",
            "STANDARD_CONCEPT_CAPTION": "Standard",
            "CONCEPT_CLASS_ID": "Clinical Drug",
            "INVALID_REASON": "V"
          },
          "includeMapped": false,
          "includeDescendants": false
        },
        {
          "isExcluded": false,
          "concept": {
            "INVALID_REASON_CAPTION": "Valid",
            "CONCEPT_ID": 19123169,
            "STANDARD_CONCEPT": "S",
            "CONCEPT_CODE": "607028",
            "VOCABULARY_ID": "RxNorm",
            "CONCEPT_NAME": "pregabalin 300 MG Oral Capsule [Lyrica]",
            "DOMAIN_ID": "Drug",
            "STANDARD_CONCEPT_CAPTION": "Standard",
            "CONCEPT_CLASS_ID": "Branded Drug",
            "INVALID_REASON": "V"
          },
          "includeMapped": false,
          "includeDescendants": false
        },
        {
          "isExcluded": false,
          "concept": {
            "INVALID_REASON_CAPTION": "Valid",
            "CONCEPT_ID": 2056665,
            "STANDARD_CONCEPT": "S",
            "CONCEPT_CODE": "OMOP4957503",
            "VOCABULARY_ID": "RxNorm Extension",
            "CONCEPT_NAME": "pregabalin 330 MG Extended Release Oral Tablet [Lyrica] by Pfizer",
            "DOMAIN_ID": "Drug",
            "STANDARD_CONCEPT_CAPTION": "Standard",
            "CONCEPT_CLASS_ID": "Marketed Product",
            "INVALID_REASON": "V"
          },
          "includeMapped": false,
          "includeDescendants": false
        }
      ]},
      "name": "(2)[PSB]-Drug-high level 600 (clinicla use)",
      "id": 10
    },
    {
      "expression": {"items": [
        {
          "isExcluded": false,
          "concept": {
            "INVALID_REASON_CAPTION": "Valid",
            "CONCEPT_ID": 42940040,
            "STANDARD_CONCEPT": "S",
            "CONCEPT_CODE": "OMOP4666695",
            "VOCABULARY_ID": "RxNorm Extension",
            "CONCEPT_NAME": "Acetaminophen 163 MG / Tramadol 18.8 MG Oral Tablet",
            "DOMAIN_ID": "Drug",
            "STANDARD_CONCEPT_CAPTION": "Standard",
            "CONCEPT_CLASS_ID": "Clinical Drug",
            "INVALID_REASON": "V"
          },
          "includeMapped": false,
          "includeDescendants": false
        },
        {
          "isExcluded": false,
          "concept": {
            "INVALID_REASON_CAPTION": "Valid",
            "CONCEPT_ID": 42939995,
            "STANDARD_CONCEPT": "S",
            "CONCEPT_CODE": "OMOP4666652",
            "VOCABULARY_ID": "RxNorm Extension",
            "CONCEPT_NAME": "Acetaminophen 650 MG / Tramadol 75 MG Extended Release Oral Tablet",
            "DOMAIN_ID": "Drug",
            "STANDARD_CONCEPT_CAPTION": "Standard",
            "CONCEPT_CLASS_ID": "Clinical Drug",
            "INVALID_REASON": "V"
          },
          "includeMapped": false,
          "includeDescendants": false
        },
        {
          "isExcluded": false,
          "concept": {
            "INVALID_REASON_CAPTION": "Valid",
            "CONCEPT_ID": 42939837,
            "STANDARD_CONCEPT": "S",
            "CONCEPT_CODE": "OMOP4666496",
            "VOCABULARY_ID": "RxNorm Extension",
            "CONCEPT_NAME": "Acetaminophen 325 MG / Tramadol 37.5 MG Extended Release Oral Tablet",
            "DOMAIN_ID": "Drug",
            "STANDARD_CONCEPT_CAPTION": "Standard",
            "CONCEPT_CLASS_ID": "Clinical Drug",
            "INVALID_REASON": "V"
          },
          "includeMapped": false,
          "includeDescendants": false
        },
        {
          "isExcluded": false,
          "concept": {
            "INVALID_REASON_CAPTION": "Valid",
            "CONCEPT_ID": 1103359,
            "STANDARD_CONCEPT": "S",
            "CONCEPT_CODE": "836395",
            "VOCABULARY_ID": "RxNorm",
            "CONCEPT_NAME": "acetaminophen 325 MG / tramadol hydrochloride 37.5 MG Oral Tablet",
            "DOMAIN_ID": "Drug",
            "STANDARD_CONCEPT_CAPTION": "Standard",
            "CONCEPT_CLASS_ID": "Clinical Drug",
            "INVALID_REASON": "V"
          },
          "includeMapped": false,
          "includeDescendants": false
        },
        {
          "isExcluded": false,
          "concept": {
            "INVALID_REASON_CAPTION": "Valid",
            "CONCEPT_ID": 792583,
            "STANDARD_CONCEPT": "S",
            "CONCEPT_CODE": "1946529",
            "VOCABULARY_ID": "RxNorm",
            "CONCEPT_NAME": "Matrix Delivery 24 HR tramadol hydrochloride 100 MG Extended Release Oral Tablet",
            "DOMAIN_ID": "Drug",
            "STANDARD_CONCEPT_CAPTION": "Standard",
            "CONCEPT_CLASS_ID": "Clinical Drug",
            "INVALID_REASON": "V"
          },
          "includeMapped": false,
          "includeDescendants": false
        },
        {
          "isExcluded": false,
          "concept": {
            "INVALID_REASON_CAPTION": "Valid",
            "CONCEPT_ID": 1103398,
            "STANDARD_CONCEPT": "S",
            "CONCEPT_CODE": "836466",
            "VOCABULARY_ID": "RxNorm",
            "CONCEPT_NAME": "tramadol hydrochloride 50 MG Oral Capsule",
            "DOMAIN_ID": "Drug",
            "STANDARD_CONCEPT_CAPTION": "Standard",
            "CONCEPT_CLASS_ID": "Clinical Drug",
            "INVALID_REASON": "V"
          },
          "includeMapped": false,
          "includeDescendants": false
        },
        {
          "isExcluded": false,
          "concept": {
            "INVALID_REASON_CAPTION": "Valid",
            "CONCEPT_ID": 42940087,
            "STANDARD_CONCEPT": "S",
            "CONCEPT_CODE": "OMOP4666742",
            "VOCABULARY_ID": "RxNorm Extension",
            "CONCEPT_NAME": "Acetaminophen 163 MG / Tramadol 18.8 MG Oral Tablet [SYNERJET SEMI]",
            "DOMAIN_ID": "Drug",
            "STANDARD_CONCEPT_CAPTION": "Standard",
            "CONCEPT_CLASS_ID": "Branded Drug",
            "INVALID_REASON": "V"
          },
          "includeMapped": false,
          "includeDescendants": false
        },
        {
          "isExcluded": false,
          "concept": {
            "INVALID_REASON_CAPTION": "Valid",
            "CONCEPT_ID": 42940102,
            "STANDARD_CONCEPT": "S",
            "CONCEPT_CODE": "OMOP4666756",
            "VOCABULARY_ID": "RxNorm Extension",
            "CONCEPT_NAME": "Acetaminophen 163 MG / Tramadol 18.8 MG Oral Tablet [ULTRACET SEMI]",
            "DOMAIN_ID": "Drug",
            "STANDARD_CONCEPT_CAPTION": "Standard",
            "CONCEPT_CLASS_ID": "Branded Drug",
            "INVALID_REASON": "V"
          },
          "includeMapped": false,
          "includeDescendants": false
        },
        {
          "isExcluded": false,
          "concept": {
            "INVALID_REASON_CAPTION": "Valid",
            "CONCEPT_ID": 42940015,
            "STANDARD_CONCEPT": "S",
            "CONCEPT_CODE": "OMOP4666670",
            "VOCABULARY_ID": "RxNorm Extension",
            "CONCEPT_NAME": "Acetaminophen 650 MG / Tramadol 75 MG Extended Release Oral Tablet [SYNERJET ER]",
            "DOMAIN_ID": "Drug",
            "STANDARD_CONCEPT_CAPTION": "Standard",
            "CONCEPT_CLASS_ID": "Branded Drug",
            "INVALID_REASON": "V"
          },
          "includeMapped": false,
          "includeDescendants": false
        },
        {
          "isExcluded": false,
          "concept": {
            "INVALID_REASON_CAPTION": "Valid",
            "CONCEPT_ID": 42939994,
            "STANDARD_CONCEPT": "S",
            "CONCEPT_CODE": "OMOP4666651",
            "VOCABULARY_ID": "RxNorm Extension",
            "CONCEPT_NAME": "Acetaminophen 650 MG / Tramadol 75 MG Extended Release Oral Tablet [Ultracet]",
            "DOMAIN_ID": "Drug",
            "STANDARD_CONCEPT_CAPTION": "Standard",
            "CONCEPT_CLASS_ID": "Branded Drug",
            "INVALID_REASON": "V"
          },
          "includeMapped": false,
          "includeDescendants": false
        },
        {
          "isExcluded": false,
          "concept": {
            "INVALID_REASON_CAPTION": "Valid",
            "CONCEPT_ID": 42940461,
            "STANDARD_CONCEPT": "S",
            "CONCEPT_CODE": "OMOP4667110",
            "VOCABULARY_ID": "RxNorm Extension",
            "CONCEPT_NAME": "Tramadol 100 MG Extended Release Oral Tablet [TRIDOL]",
            "DOMAIN_ID": "Drug",
            "STANDARD_CONCEPT_CAPTION": "Standard",
            "CONCEPT_CLASS_ID": "Branded Drug",
            "INVALID_REASON": "V"
          },
          "includeMapped": false,
          "includeDescendants": false
        },
        {
          "isExcluded": false,
          "concept": {
            "INVALID_REASON_CAPTION": "Valid",
            "CONCEPT_ID": 42940518,
            "STANDARD_CONCEPT": "S",
            "CONCEPT_CODE": "OMOP4667167",
            "VOCABULARY_ID": "RxNorm Extension",
            "CONCEPT_NAME": "Tramadol 50 MG Oral Capsule [TRIDOL]",
            "DOMAIN_ID": "Drug",
            "STANDARD_CONCEPT_CAPTION": "Standard",
            "CONCEPT_CLASS_ID": "Branded Drug",
            "INVALID_REASON": "V"
          },
          "includeMapped": false,
          "includeDescendants": false
        },
        {
          "isExcluded": false,
          "concept": {
            "INVALID_REASON_CAPTION": "Valid",
            "CONCEPT_ID": 42940517,
            "STANDARD_CONCEPT": "S",
            "CONCEPT_CODE": "OMOP4667166",
            "VOCABULARY_ID": "RxNorm Extension",
            "CONCEPT_NAME": "Tramadol 50 MG Oral Tablet [TRIDOL]",
            "DOMAIN_ID": "Drug",
            "STANDARD_CONCEPT_CAPTION": "Standard",
            "CONCEPT_CLASS_ID": "Branded Drug",
            "INVALID_REASON": "V"
          },
          "includeMapped": false,
          "includeDescendants": false
        },
        {
          "isExcluded": false,
          "concept": {
            "INVALID_REASON_CAPTION": "Valid",
            "CONCEPT_ID": 1103314,
            "STANDARD_CONCEPT": "S",
            "CONCEPT_CODE": "10689",
            "VOCABULARY_ID": "RxNorm",
            "CONCEPT_NAME": "tramadol",
            "DOMAIN_ID": "Drug",
            "STANDARD_CONCEPT_CAPTION": "Standard",
            "CONCEPT_CLASS_ID": "Ingredient",
            "INVALID_REASON": "V"
          },
          "includeMapped": false,
          "includeDescendants": false
        },
        {
          "isExcluded": false,
          "concept": {
            "INVALID_REASON_CAPTION": "Valid",
            "CONCEPT_ID": 42939841,
            "STANDARD_CONCEPT": "S",
            "CONCEPT_CODE": "OMOP4666500",
            "VOCABULARY_ID": "RxNorm Extension",
            "CONCEPT_NAME": "Acetaminophen 325 MG / Tramadol 37.5 MG Extended Release Oral Tablet [ULTRACET ER SEMI]",
            "DOMAIN_ID": "Drug",
            "STANDARD_CONCEPT_CAPTION": "Standard",
            "CONCEPT_CLASS_ID": "Branded Drug",
            "INVALID_REASON": "V"
          },
          "includeMapped": false,
          "includeDescendants": false
        },
        {
          "isExcluded": false,
          "concept": {
            "INVALID_REASON_CAPTION": "Valid",
            "CONCEPT_ID": 42939780,
            "STANDARD_CONCEPT": "S",
            "CONCEPT_CODE": "OMOP4666441",
            "VOCABULARY_ID": "RxNorm Extension",
            "CONCEPT_NAME": "Acetaminophen 325 MG / Tramadol 37.5 MG Oral Tablet [SYNERJET]",
            "DOMAIN_ID": "Drug",
            "STANDARD_CONCEPT_CAPTION": "Standard",
            "CONCEPT_CLASS_ID": "Branded Drug",
            "INVALID_REASON": "V"
          },
          "includeMapped": false,
          "includeDescendants": false
        },
        {
          "isExcluded": false,
          "concept": {
            "INVALID_REASON_CAPTION": "Valid",
            "CONCEPT_ID": 1103360,
            "STANDARD_CONCEPT": "S",
            "CONCEPT_CODE": "836397",
            "VOCABULARY_ID": "RxNorm",
            "CONCEPT_NAME": "acetaminophen 325 MG / tramadol hydrochloride 37.5 MG Oral Tablet [Ultracet]",
            "DOMAIN_ID": "Drug",
            "STANDARD_CONCEPT_CAPTION": "Standard",
            "CONCEPT_CLASS_ID": "Branded Drug",
            "INVALID_REASON": "V"
          },
          "includeMapped": false,
          "includeDescendants": false
        },
        {
          "isExcluded": false,
          "concept": {
            "INVALID_REASON_CAPTION": "Valid",
            "CONCEPT_ID": 42939995,
            "STANDARD_CONCEPT": "S",
            "CONCEPT_CODE": "OMOP4666652",
            "VOCABULARY_ID": "RxNorm Extension",
            "CONCEPT_NAME": "Acetaminophen 650 MG / Tramadol 75 MG Extended Release Oral Tablet",
            "DOMAIN_ID": "Drug",
            "STANDARD_CONCEPT_CAPTION": "Standard",
            "CONCEPT_CLASS_ID": "Clinical Drug",
            "INVALID_REASON": "V"
          },
          "includeMapped": false,
          "includeDescendants": false
        },
        {
          "isExcluded": false,
          "concept": {
            "INVALID_REASON_CAPTION": "Valid",
            "CONCEPT_ID": 21604298,
            "STANDARD_CONCEPT": "C",
            "CONCEPT_CODE": "N02AX02",
            "VOCABULARY_ID": "ATC",
            "CONCEPT_NAME": "tramadol; systemic, rectal",
            "DOMAIN_ID": "Drug",
            "STANDARD_CONCEPT_CAPTION": "Classification",
            "CONCEPT_CLASS_ID": "ATC 5th",
            "INVALID_REASON": "V"
          },
          "includeMapped": false,
          "includeDescendants": false
        },
        {
          "isExcluded": false,
          "concept": {
            "INVALID_REASON_CAPTION": "Valid",
            "CONCEPT_ID": 1123645,
            "STANDARD_CONCEPT": "C",
            "CONCEPT_CODE": "N02AJ13",
            "VOCABULARY_ID": "ATC",
            "CONCEPT_NAME": "tramadol and paracetamol; systemic",
            "DOMAIN_ID": "Drug",
            "STANDARD_CONCEPT_CAPTION": "Classification",
            "CONCEPT_CLASS_ID": "ATC 5th",
            "INVALID_REASON": "V"
          },
          "includeMapped": false,
          "includeDescendants": true
        }
      ]},
      "name": "(2)[PSB] Drug-high level pain killer",
      "id": 11
    }
  ],
  "cdmVersionRange": ">=5.0.0",
  "CensoringCriteria": [],
  "QualifiedLimit": {"Type": "First"},
  "InclusionRules": [],
  "PrimaryCriteria": {
    "CriteriaList": [
      {"DrugExposure": {
        "OccurrenceEndDate": null,
        "CorrelatedCriteria": null,
        "DrugSourceConcept": null,
        "CodesetId": 9,
        "DrugTypeExclude": false,
        "Quantity": null,
        "DrugType": null,
        "ProviderSpecialty": null,
        "EffectiveDrugDose": null,
        "Gender": null,
        "DaysSupply": null,
        "DoseUnit": null,
        "VisitType": null,
        "Refills": null,
        "First": null,
        "OccurrenceStartDate": null,
        "RouteConcept": null,
        "StopReason": null,
        "LotNumber": null,
        "Age": null
      }},
      {"DrugExposure": {
        "OccurrenceEndDate": null,
        "CorrelatedCriteria": null,
        "DrugSourceConcept": null,
        "CodesetId": 10,
        "DrugTypeExclude": false,
        "Quantity": null,
        "DrugType": null,
        "ProviderSpecialty": null,
        "EffectiveDrugDose": null,
        "Gender": null,
        "DaysSupply": null,
        "DoseUnit": null,
        "VisitType": null,
        "Refills": null,
        "First": null,
        "OccurrenceStartDate": null,
        "RouteConcept": null,
        "StopReason": null,
        "LotNumber": null,
        "Age": null
      }},
      {"DrugExposure": {
        "OccurrenceEndDate": null,
        "CorrelatedCriteria": null,
        "DrugSourceConcept": null,
        "CodesetId": 11,
        "DrugTypeExclude": false,
        "Quantity": null,
        "DrugType": null,
        "ProviderSpecialty": null,
        "EffectiveDrugDose": null,
        "Gender": null,
        "DaysSupply": null,
        "DoseUnit": null,
        "VisitType": null,
        "Refills": null,
        "First": null,
        "OccurrenceStartDate": null,
        "RouteConcept": null,
        "StopReason": null,
        "LotNumber": null,
        "Age": null
      }},
      {"ProcedureOccurrence": {
        "ProcedureType": null,
        "CorrelatedCriteria": null,
        "CodesetId": 5,
        "ProcedureSourceConcept": null,
        "Quantity": null,
        "ProviderSpecialty": null,
        "Gender": null,
        "ProcedureTypeExclude": false,
        "VisitType": null,
        "First": null,
        "OccurrenceStartDate": null,
        "Modifier": null,
        "Age": null
      }}
    ],
    "PrimaryCriteriaLimit": {"Type": "All"},
    "ObservationWindow": {
      "PostDays": 0,
      "PriorDays": 0
    }
  }
}