{
  "ExpressionLimit": {"Type": "All"},
  "CollapseSettings": {
    "CollapseType": "ERA",
    "EraPad": 0
  },
  "CensorWindow": {
    "StartDate": null,
    "EndDate": null
  },
  "ConceptSets": [
    {
      "expression": {"items": [
        {
          "isExcluded": false,
          "concept": {
            "INVALID_REASON_CAPTION": "Valid",
            "CONCEPT_ID": 36716995,
            "STANDARD_CONCEPT": "S",
            "CONCEPT_CODE": "9971000119105",
            "VOCABULARY_ID": "SNOMED",
            "CONCEPT_NAME": "Spinal stenosis in cervical region with myelopathy",
            "DOMAIN_ID": "Condition",
            "STANDARD_CONCEPT_CAPTION": "Standard",
            "CONCEPT_CLASS_ID": "Clinical Finding",
            "INVALID_REASON": "V"
          },
          "includeMapped": false,
          "includeDescendants": true
        },
        {
          "isExcluded": false,
          "concept": {
            "INVALID_REASON_CAPTION": "Valid",
            "CONCEPT_ID": 4226266,
            "STANDARD_CONCEPT": "S",
            "CONCEPT_CODE": "405754008",
            "VOCABULARY_ID": "SNOMED",
            "CONCEPT_NAME": "Cervical spinal cord injury",
            "DOMAIN_ID": "Condition",
            "STANDARD_CONCEPT_CAPTION": "Standard",
            "CONCEPT_CLASS_ID": "Clinical Finding",
            "INVALID_REASON": "V"
          },
          "includeMapped": false,
          "includeDescendants": false
        },
        {
          "isExcluded": false,
          "concept": {
            "INVALID_REASON_CAPTION": "Valid",
            "CONCEPT_ID": 136198,
            "STANDARD_CONCEPT": "S",
            "CONCEPT_CODE": "65260001",
            "VOCABULARY_ID": "SNOMED",
            "CONCEPT_NAME": "Cervical spondylosis with myelopathy",
            "DOMAIN_ID": "Condition",
            "STANDARD_CONCEPT_CAPTION": "Standard",
            "CONCEPT_CLASS_ID": "Clinical Finding",
            "INVALID_REASON": "V"
          },
          "includeMapped": false,
          "includeDescendants": false
        },
        {
          "isExcluded": false,
          "concept": {
            "INVALID_REASON_CAPTION": "Valid",
            "CONCEPT_ID": 4102334,
            "STANDARD_CONCEPT": "S",
            "CONCEPT_CODE": "192907007",
            "VOCABULARY_ID": "SNOMED",
            "CONCEPT_NAME": "Myelopathy due to spondylosis",
            "DOMAIN_ID": "Condition",
            "STANDARD_CONCEPT_CAPTION": "Standard",
            "CONCEPT_CLASS_ID": "Clinical Finding",
            "INVALID_REASON": "V"
          },
          "includeMapped": false,
          "includeDescendants": false
        },
        {
          "isExcluded": false,
          "concept": {
            "INVALID_REASON_CAPTION": "Valid",
            "CONCEPT_ID": 135526,
            "STANDARD_CONCEPT": "S",
            "CONCEPT_CODE": "48522003",
            "VOCABULARY_ID": "SNOMED",
            "CONCEPT_NAME": "Spinal cord disease",
            "DOMAIN_ID": "Condition",
            "STANDARD_CONCEPT_CAPTION": "Standard",
            "CONCEPT_CLASS_ID": "Clinical Finding",
            "INVALID_REASON": "V"
          },
          "includeMapped": false,
          "includeDescendants": false
        }
      ]},
      "name": "[PSB] -Dx",
      "id": 0
    },
    {
      "expression": {"items": [
        {
          "isExcluded": false,
          "concept": {
            "INVALID_REASON_CAPTION": "Valid",
            "CONCEPT_ID": 439676,
            "STANDARD_CONCEPT": "S",
            "CONCEPT_CODE": "186747009",
            "VOCABULARY_ID": "SNOMED",
            "CONCEPT_NAME": "Coronavirus infection",
            "DOMAIN_ID": "Condition",
            "STANDARD_CONCEPT_CAPTION": "Standard",
            "CONCEPT_CLASS_ID": "Clinical Finding",
            "INVALID_REASON": "V"
          },
          "includeMapped": false,
          "includeDescendants": false
        },
        {
          "isExcluded": false,
          "concept": {
            "INVALID_REASON_CAPTION": "Valid",
            "CONCEPT_ID": 37311061,
            "STANDARD_CONCEPT": "S",
            "CONCEPT_CODE": "840539006",
            "VOCABULARY_ID": "SNOMED",
            "CONCEPT_NAME": "COVID-19",
            "DOMAIN_ID": "Condition",
            "STANDARD_CONCEPT_CAPTION": "Standard",
            "CONCEPT_CLASS_ID": "Clinical Finding",
            "INVALID_REASON": "V"
          },
          "includeMapped": false,
          "includeDescendants": false
        },
        {
          "isExcluded": false,
          "concept": {
            "INVALID_REASON_CAPTION": "Valid",
            "CONCEPT_ID": 4100065,
            "STANDARD_CONCEPT": "S",
            "CONCEPT_CODE": "27619001",
            "VOCABULARY_ID": "SNOMED",
            "CONCEPT_NAME": "Disease due to Coronaviridae",
            "DOMAIN_ID": "Condition",
            "STANDARD_CONCEPT_CAPTION": "Standard",
            "CONCEPT_CLASS_ID": "Clinical Finding",
            "INVALID_REASON": "V"
          },
          "includeMapped": false,
          "includeDescendants": false
        },
        {
          "isExcluded": false,
          "concept": {
            "INVALID_REASON_CAPTION": "Valid",
            "CONCEPT_ID": 704996,
            "STANDARD_CONCEPT": "S",
            "CONCEPT_CODE": "OMOP4912978",
            "VOCABULARY_ID": "OMOP Extension",
            "CONCEPT_NAME": "Patient meets COVID-19 laboratory diagnostic criteria",
            "DOMAIN_ID": "Observation",
            "STANDARD_CONCEPT_CAPTION": "Standard",
            "CONCEPT_CLASS_ID": "Clinical Finding",
            "INVALID_REASON": "V"
          },
          "includeMapped": false,
          "includeDescendants": false
        }
      ]},
      "name": "[PSB]-COVID19",
      "id": 1
    },
    {
      "expression": {"items": [
        {
          "isExcluded": false,
          "concept": {
            "INVALID_REASON_CAPTION": "Valid",
            "CONCEPT_ID": 4203994,
            "STANDARD_CONCEPT": "S",
            "CONCEPT_CODE": "438374004",
            "VOCABULARY_ID": "SNOMED",
            "CONCEPT_NAME": "Cervical laminoplasty with decompression of spinal cord",
            "DOMAIN_ID": "Procedure",
            "STANDARD_CONCEPT_CAPTION": "Standard",
            "CONCEPT_CLASS_ID": "Procedure",
            "INVALID_REASON": "V"
          },
          "includeMapped": false,
          "includeDescendants": true
        },
        {
          "isExcluded": false,
          "concept": {
            "INVALID_REASON_CAPTION": "Valid",
            "CONCEPT_ID": 40483740,
            "STANDARD_CONCEPT": "S",
            "CONCEPT_CODE": "445429009",
            "VOCABULARY_ID": "SNOMED",
            "CONCEPT_NAME": "Cervical laminectomy",
            "DOMAIN_ID": "Procedure",
            "STANDARD_CONCEPT_CAPTION": "Standard",
            "CONCEPT_CLASS_ID": "Procedure",
            "INVALID_REASON": "V"
          },
          "includeMapped": false,
          "includeDescendants": true
        },
        {
          "isExcluded": false,
          "concept": {
            "INVALID_REASON_CAPTION": "Valid",
            "CONCEPT_ID": 4001857,
            "STANDARD_CONCEPT": "S",
            "CONCEPT_CODE": "119605005",
            "VOCABULARY_ID": "SNOMED",
            "CONCEPT_NAME": "Vertebral column reconstruction",
            "DOMAIN_ID": "Procedure",
            "STANDARD_CONCEPT_CAPTION": "Standard",
            "CONCEPT_CLASS_ID": "Procedure",
            "INVALID_REASON": "V"
          },
          "includeMapped": false,
          "includeDescendants": false
        }
      ]},
      "name": "[PSB]- Surgery",
      "id": 5
    },
    {
      "expression": {"items": [
        {
          "isExcluded": false,
          "concept": {
            "INVALID_REASON_CAPTION": "Valid",
            "CONCEPT_ID": 734392,
            "STANDARD_CONCEPT": "S",
            "CONCEPT_CODE": "483444",
            "VOCABULARY_ID": "RxNorm",
            "CONCEPT_NAME": "pregabalin 300 MG Oral Capsule",
            "DOMAIN_ID": "Drug",
            "STANDARD_CONCEPT_CAPTION": "Standard",
            "CONCEPT_CLASS_ID": "Clinical Drug",
            "INVALID_REASON": "V"
          },
          "includeMapped": false,
          "includeDescendants": false
        },
        {
          "isExcluded": false,
          "concept": {
            "INVALID_REASON_CAPTION": "Valid",
            "CONCEPT_ID": 19123169,
            "STANDARD_CONCEPT": "S",
            "CONCEPT_CODE": "607028",
            "VOCABULARY_ID": "RxNorm",
            "CONCEPT_NAME": "pregabalin 300 MG Oral Capsule [Lyrica]",
            "DOMAIN_ID": "Drug",
            "STANDARD_CONCEPT_CAPTION": "Standard",
            "CONCEPT_CLASS_ID": "Branded Drug",
            "INVALID_REASON": "V"
          },
          "includeMapped": false,
          "includeDescendants": false
        },
        {
          "isExcluded": false,
          "concept": {
            "INVALID_REASON_CAPTION": "Valid",
            "CONCEPT_ID": 2056665,
            "STANDARD_CONCEPT": "S",
            "CONCEPT_CODE": "OMOP4957503",
            "VOCABULARY_ID": "RxNorm Extension",
            "CONCEPT_NAME": "pregabalin 330 MG Extended Release Oral Tablet [Lyrica] by Pfizer",
            "DOMAIN_ID": "Drug",
            "STANDARD_CONCEPT_CAPTION": "Standard",
            "CONCEPT_CLASS_ID": "Marketed Product",
            "INVALID_REASON": "V"
          },
          "includeMapped": false,
          "includeDescendants": false
        }
      ]},
      "name": "(2)[PSB]-Drug-high level 600 (clinicla use)",
      "id": 6
    },
    {
      "expression": {"items": [
        {
          "isExcluded": false,
          "concept": {
            "INVALID_REASON_CAPTION": "Valid",
            "CONCEPT_ID": 19112670,
            "STANDARD_CONCEPT": "S",
            "CONCEPT_CODE": "483440",
            "VOCABULARY_ID": "RxNorm",
            "CONCEPT_NAME": "pregabalin 150 MG Oral Capsule",
            "DOMAIN_ID": "Drug",
            "STANDARD_CONCEPT_CAPTION": "Standard",
            "CONCEPT_CLASS_ID": "Clinical Drug",
            "INVALID_REASON": "V"
          },
          "includeMapped": false,
          "includeDescendants": false
        },
        {
          "isExcluded": false,
          "concept": {
            "INVALID_REASON_CAPTION": "Valid",
            "CONCEPT_ID": 19123161,
            "STANDARD_CONCEPT": "S",
            "CONCEPT_CODE": "607020",
            "VOCABULARY_ID": "RxNorm",
            "CONCEPT_NAME": "pregabalin 150 MG Oral Capsule [Lyrica]",
            "DOMAIN_ID": "Drug",
            "STANDARD_CONCEPT_CAPTION": "Standard",
            "CONCEPT_CLASS_ID": "Branded Drug",
            "INVALID_REASON": "V"
          },
          "includeMapped": false,
          "includeDescendants": false
        },
        {
          "isExcluded": false,
          "concept": {
            "INVALID_REASON_CAPTION": "Valid",
            "CONCEPT_ID": 2056689,
            "STANDARD_CONCEPT": "S",
            "CONCEPT_CODE": "OMOP4957526",
            "VOCABULARY_ID": "RxNorm Extension",
            "CONCEPT_NAME": "pregabalin 165 MG Extended Release Oral Tablet [Lyrica] by Pfizer",
            "DOMAIN_ID": "Drug",
            "STANDARD_CONCEPT_CAPTION": "Standard",
            "CONCEPT_CLASS_ID": "Marketed Product",
            "INVALID_REASON": "V"
          },
          "includeMapped": false,
          "includeDescendants": false
        }
      ]},
      "name": "(2)[PSB]-Drug-medium level 300clinical use",
      "id": 7
    },
    {
      "expression": {"items": [
        {
          "isExcluded": false,
          "concept": {
            "INVALID_REASON_CAPTION": "Valid",
            "CONCEPT_ID": 42940040,
            "STANDARD_CONCEPT": "S",
            "CONCEPT_CODE": "OMOP4666695",
            "VOCABULARY_ID": "RxNorm Extension",
            "CONCEPT_NAME": "Acetaminophen 163 MG / Tramadol 18.8 MG Oral Tablet",
            "DOMAIN_ID": "Drug",
            "STANDARD_CONCEPT_CAPTION": "Standard",
            "CONCEPT_CLASS_ID": "Clinical Drug",
            "INVALID_REASON": "V"
          },
          "includeMapped": false,
          "includeDescendants": false
        },
        {
          "isExcluded": false,
          "concept": {
            "INVALID_REASON_CAPTION": "Valid",
            "CONCEPT_ID": 42939995,
            "STANDARD_CONCEPT": "S",
            "CONCEPT_CODE": "OMOP4666652",
            "VOCABULARY_ID": "RxNorm Extension",
            "CONCEPT_NAME": "Acetaminophen 650 MG / Tramadol 75 MG Extended Release Oral Tablet",
            "DOMAIN_ID": "Drug",
            "STANDARD_CONCEPT_CAPTION": "Standard",
            "CONCEPT_CLASS_ID": "Clinical Drug",
            "INVALID_REASON": "V"
          },
          "includeMapped": false,
          "includeDescendants": false
        },
        {
          "isExcluded": false,
          "concept": {
            "INVALID_REASON_CAPTION": "Valid",
            "CONCEPT_ID": 42939837,
            "STANDARD_CONCEPT": "S",
            "CONCEPT_CODE": "OMOP4666496",
            "VOCABULARY_ID": "RxNorm Extension",
            "CONCEPT_NAME": "Acetaminophen 325 MG / Tramadol 37.5 MG Extended Release Oral Tablet",
            "DOMAIN_ID": "Drug",
            "STANDARD_CONCEPT_CAPTION": "Standard",
            "CONCEPT_CLASS_ID": "Clinical Drug",
            "INVALID_REASON": "V"
          },
          "includeMapped": false,
          "includeDescendants": false
        },
        {
          "isExcluded": false,
          "concept": {
            "INVALID_REASON_CAPTION": "Valid",
            "CONCEPT_ID": 1103359,
            "STANDARD_CONCEPT": "S",
            "CONCEPT_CODE": "836395",
            "VOCABULARY_ID": "RxNorm",
            "CONCEPT_NAME": "acetaminophen 325 MG / tramadol hydrochloride 37.5 MG Oral Tablet",
            "DOMAIN_ID": "Drug",
            "STANDARD_CONCEPT_CAPTION": "Standard",
            "CONCEPT_CLASS_ID": "Clinical Drug",
            "INVALID_REASON": "V"
          },
          "includeMapped": false,
          "includeDescendants": false
        },
        {
          "isExcluded": false,
          "concept": {
            "INVALID_REASON_CAPTION": "Valid",
            "CONCEPT_ID": 792583,
            "STANDARD_CONCEPT": "S",
            "CONCEPT_CODE": "1946529",
            "VOCABULARY_ID": "RxNorm",
            "CONCEPT_NAME": "Matrix Delivery 24 HR tramadol hydrochloride 100 MG Extended Release Oral Tablet",
            "DOMAIN_ID": "Drug",
            "STANDARD_CONCEPT_CAPTION": "Standard",
            "CONCEPT_CLASS_ID": "Clinical Drug",
            "INVALID_REASON": "V"
          },
          "includeMapped": false,
          "includeDescendants": false
        },
        {
          "isExcluded": false,
          "concept": {
            "INVALID_REASON_CAPTION": "Valid",
            "CONCEPT_ID": 1103398,
            "STANDARD_CONCEPT": "S",
            "CONCEPT_CODE": "836466",
            "VOCABULARY_ID": "RxNorm",
            "CONCEPT_NAME": "tramadol hydrochloride 50 MG Oral Capsule",
            "DOMAIN_ID": "Drug",
            "STANDARD_CONCEPT_CAPTION": "Standard",
            "CONCEPT_CLASS_ID": "Clinical Drug",
            "INVALID_REASON": "V"
          },
          "includeMapped": false,
          "includeDescendants": false
        },
        {
          "isExcluded": false,
          "concept": {
            "INVALID_REASON_CAPTION": "Valid",
            "CONCEPT_ID": 42940087,
            "STANDARD_CONCEPT": "S",
            "CONCEPT_CODE": "OMOP4666742",
            "VOCABULARY_ID": "RxNorm Extension",
            "CONCEPT_NAME": "Acetaminophen 163 MG / Tramadol 18.8 MG Oral Tablet [SYNERJET SEMI]",
            "DOMAIN_ID": "Drug",
            "STANDARD_CONCEPT_CAPTION": "Standard",
            "CONCEPT_CLASS_ID": "Branded Drug",
            "INVALID_REASON": "V"
          },
          "includeMapped": false,
          "includeDescendants": false
        },
        {
          "isExcluded": false,
          "concept": {
            "INVALID_REASON_CAPTION": "Valid",
            "CONCEPT_ID": 42940102,
            "STANDARD_CONCEPT": "S",
            "CONCEPT_CODE": "OMOP4666756",
            "VOCABULARY_ID": "RxNorm Extension",
            "CONCEPT_NAME": "Acetaminophen 163 MG / Tramadol 18.8 MG Oral Tablet [ULTRACET SEMI]",
            "DOMAIN_ID": "Drug",
            "STANDARD_CONCEPT_CAPTION": "Standard",
            "CONCEPT_CLASS_ID": "Branded Drug",
            "INVALID_REASON": "V"
          },
          "includeMapped": false,
          "includeDescendants": false
        },
        {
          "isExcluded": false,
          "concept": {
            "INVALID_REASON_CAPTION": "Valid",
            "CONCEPT_ID": 42940015,
            "STANDARD_CONCEPT": "S",
            "CONCEPT_CODE": "OMOP4666670",
            "VOCABULARY_ID": "RxNorm Extension",
            "CONCEPT_NAME": "Acetaminophen 650 MG / Tramadol 75 MG Extended Release Oral Tablet [SYNERJET ER]",
            "DOMAIN_ID": "Drug",
            "STANDARD_CONCEPT_CAPTION": "Standard",
            "CONCEPT_CLASS_ID": "Branded Drug",
            "INVALID_REASON": "V"
          },
          "includeMapped": false,
          "includeDescendants": false
        },
        {
          "isExcluded": false,
          "concept": {
            "INVALID_REASON_CAPTION": "Valid",
            "CONCEPT_ID": 42939994,
            "STANDARD_CONCEPT": "S",
            "CONCEPT_CODE": "OMOP4666651",
            "VOCABULARY_ID": "RxNorm Extension",
            "CONCEPT_NAME": "Acetaminophen 650 MG / Tramadol 75 MG Extended Release Oral Tablet [Ultracet]",
            "DOMAIN_ID": "Drug",
            "STANDARD_CONCEPT_CAPTION": "Standard",
            "CONCEPT_CLASS_ID": "Branded Drug",
            "INVALID_REASON": "V"
          },
          "includeMapped": false,
          "includeDescendants": false
        },
        {
          "isExcluded": false,
          "concept": {
            "INVALID_REASON_CAPTION": "Valid",
            "CONCEPT_ID": 42940461,
            "STANDARD_CONCEPT": "S",
            "CONCEPT_CODE": "OMOP4667110",
            "VOCABULARY_ID": "RxNorm Extension",
            "CONCEPT_NAME": "Tramadol 100 MG Extended Release Oral Tablet [TRIDOL]",
            "DOMAIN_ID": "Drug",
            "STANDARD_CONCEPT_CAPTION": "Standard",
            "CONCEPT_CLASS_ID": "Branded Drug",
            "INVALID_REASON": "V"
          },
          "includeMapped": false,
          "includeDescendants": false
        },
        {
          "isExcluded": false,
          "concept": {
            "INVALID_REASON_CAPTION": "Valid",
            "CONCEPT_ID": 42940518,
            "STANDARD_CONCEPT": "S",
            "CONCEPT_CODE": "OMOP4667167",
            "VOCABULARY_ID": "RxNorm Extension",
            "CONCEPT_NAME": "Tramadol 50 MG Oral Capsule [TRIDOL]",
            "DOMAIN_ID": "Drug",
            "STANDARD_CONCEPT_CAPTION": "Standard",
            "CONCEPT_CLASS_ID": "Branded Drug",
            "INVALID_REASON": "V"
          },
          "includeMapped": false,
          "includeDescendants": false
        },
        {
          "isExcluded": false,
          "concept": {
            "INVALID_REASON_CAPTION": "Valid",
            "CONCEPT_ID": 42940517,
            "STANDARD_CONCEPT": "S",
            "CONCEPT_CODE": "OMOP4667166",
            "VOCABULARY_ID": "RxNorm Extension",
            "CONCEPT_NAME": "Tramadol 50 MG Oral Tablet [TRIDOL]",
            "DOMAIN_ID": "Drug",
            "STANDARD_CONCEPT_CAPTION": "Standard",
            "CONCEPT_CLASS_ID": "Branded Drug",
            "INVALID_REASON": "V"
          },
          "includeMapped": false,
          "includeDescendants": false
        },
        {
          "isExcluded": false,
          "concept": {
            "INVALID_REASON_CAPTION": "Valid",
            "CONCEPT_ID": 1103314,
            "STANDARD_CONCEPT": "S",
            "CONCEPT_CODE": "10689",
            "VOCABULARY_ID": "RxNorm",
            "CONCEPT_NAME": "tramadol",
            "DOMAIN_ID": "Drug",
            "STANDARD_CONCEPT_CAPTION": "Standard",
            "CONCEPT_CLASS_ID": "Ingredient",
            "INVALID_REASON": "V"
          },
          "includeMapped": false,
          "includeDescendants": false
        },
        {
          "isExcluded": false,
          "concept": {
            "INVALID_REASON_CAPTION": "Valid",
            "CONCEPT_ID": 42939841,
            "STANDARD_CONCEPT": "S",
            "CONCEPT_CODE": "OMOP4666500",
            "VOCABULARY_ID": "RxNorm Extension",
            "CONCEPT_NAME": "Acetaminophen 325 MG / Tramadol 37.5 MG Extended Release Oral Tablet [ULTRACET ER SEMI]",
            "DOMAIN_ID": "Drug",
            "STANDARD_CONCEPT_CAPTION": "Standard",
            "CONCEPT_CLASS_ID": "Branded Drug",
            "INVALID_REASON": "V"
          },
          "includeMapped": false,
          "includeDescendants": false
        },
        {
          "isExcluded": false,
          "concept": {
            "INVALID_REASON_CAPTION": "Valid",
            "CONCEPT_ID": 42939780,
            "STANDARD_CONCEPT": "S",
            "CONCEPT_CODE": "OMOP4666441",
            "VOCABULARY_ID": "RxNorm Extension",
            "CONCEPT_NAME": "Acetaminophen 325 MG / Tramadol 37.5 MG Oral Tablet [SYNERJET]",
            "DOMAIN_ID": "Drug",
            "STANDARD_CONCEPT_CAPTION": "Standard",
            "CONCEPT_CLASS_ID": "Branded Drug",
            "INVALID_REASON": "V"
          },
          "includeMapped": false,
          "includeDescendants": false
        },
        {
          "isExcluded": false,
          "concept": {
            "INVALID_REASON_CAPTION": "Valid",
            "CONCEPT_ID": 1103360,
            "STANDARD_CONCEPT": "S",
            "CONCEPT_CODE": "836397",
            "VOCABULARY_ID": "RxNorm",
            "CONCEPT_NAME": "acetaminophen 325 MG / tramadol hydrochloride 37.5 MG Oral Tablet [Ultracet]",
            "DOMAIN_ID": "Drug",
            "STANDARD_CONCEPT_CAPTION": "Standard",
            "CONCEPT_CLASS_ID": "Branded Drug",
            "INVALID_REASON": "V"
          },
          "includeMapped": false,
          "includeDescendants": false
        },
        {
          "isExcluded": false,
          "concept": {
            "INVALID_REASON_CAPTION": "Valid",
            "CONCEPT_ID": 42939995,
            "STANDARD_CONCEPT": "S",
            "CONCEPT_CODE": "OMOP4666652",
            "VOCABULARY_ID": "RxNorm Extension",
            "CONCEPT_NAME": "Acetaminophen 650 MG / Tramadol 75 MG Extended Release Oral Tablet",
            "DOMAIN_ID": "Drug",
            "STANDARD_CONCEPT_CAPTION": "Standard",
            "CONCEPT_CLASS_ID": "Clinical Drug",
            "INVALID_REASON": "V"
          },
          "includeMapped": false,
          "includeDescendants": false
        },
        {
          "isExcluded": false,
          "concept": {
            "INVALID_REASON_CAPTION": "Valid",
            "CONCEPT_ID": 21604298,
            "STANDARD_CONCEPT": "C",
            "CONCEPT_CODE": "N02AX02",
            "VOCABULARY_ID": "ATC",
            "CONCEPT_NAME": "tramadol; systemic, rectal",
            "DOMAIN_ID": "Drug",
            "STANDARD_CONCEPT_CAPTION": "Classification",
            "CONCEPT_CLASS_ID": "ATC 5th",
            "INVALID_REASON": "V"
          },
          "includeMapped": false,
          "includeDescendants": false
        },
        {
          "isExcluded": false,
          "concept": {
            "INVALID_REASON_CAPTION": "Valid",
            "CONCEPT_ID": 1123645,
            "STANDARD_CONCEPT": "C",
            "CONCEPT_CODE": "N02AJ13",
            "VOCABULARY_ID": "ATC",
            "CONCEPT_NAME": "tramadol and paracetamol; systemic",
            "DOMAIN_ID": "Drug",
            "STANDARD_CONCEPT_CAPTION": "Classification",
            "CONCEPT_CLASS_ID": "ATC 5th",
            "INVALID_REASON": "V"
          },
          "includeMapped": false,
          "includeDescendants": true
        }
      ]},
      "name": "(2)[PSB] Drug-high level pain killer",
      "id": 8
    }
  ],
  "cdmVersionRange": ">=5.0.0",
  "CensoringCriteria": [],
  "QualifiedLimit": {"Type": "First"},
  "InclusionRules": [{
    "expression": {
      "CriteriaList": [
        {
          "RestrictVisit": false,
          "StartWindow": {
            "UseEventEnd": false,
            "Start": {
              "Days": 0,
              "Coeff": -1
            },
            "End": {
              "Days": null,
              "Coeff": 1
            },
            "UseIndexEnd": false
          },
          "IgnoreObservationPeriod": false,
          "EndWindow": null,
          "Criteria": {"ConditionOccurrence": {
            "OccurrenceEndDate": null,
            "CorrelatedCriteria": null,
            "ConditionTypeExclude": false,
            "CodesetId": 1,
            "ProviderSpecialty": null,
            "Gender": null,
            "VisitType": null,
            "First": null,
            "OccurrenceStartDate": null,
            "ConditionType": null,
            "ConditionSourceConcept": null,
            "ConditionStatus": null,
            "StopReason": null,
            "Age": null
          }},
          "Occurrence": {
            "Type": 2,
            "CountColumn": null,
            "IsDistinct": false,
            "Count": 1
          }
        },
        {
          "RestrictVisit": false,
          "StartWindow": {
            "UseEventEnd": false,
            "Start": {
              "Days": 0,
              "Coeff": -1
            },
            "End": {
              "Days": null,
              "Coeff": 1
            },
            "UseIndexEnd": false
          },
          "IgnoreObservationPeriod": false,
          "EndWindow": null,
          "Criteria": {"Observation": {
            "ValueAsConcept": null,
            "ObservationType": null,
            "CorrelatedCriteria": null,
            "ObservationTypeExclude": false,
            "ValueAsString": null,
            "CodesetId": 1,
            "ProviderSpecialty": null,
            "Gender": null,
            "Unit": null,
            "ObservationSourceConcept": null,
            "VisitType": null,
            "ValueAsNumber": null,
            "Qualifier": null,
            "First": null,
            "OccurrenceStartDate": null,
            "Age": null
          }},
          "Occurrence": {
            "Type": 2,
            "CountColumn": null,
            "IsDistinct": false,
            "Count": 1
          }
        }
      ],
      "Type": "ANY",
      "DemographicCriteriaList": [],
      "Groups": [],
      "Count": null
    },
    "name": "COVID19",
    "description": null
  }],
  "PrimaryCriteria": {
    "CriteriaList": [{"ConditionOccurrence": {
      "OccurrenceEndDate": null,
      "CorrelatedCriteria": null,
      "ConditionTypeExclude": false,
      "CodesetId": 0,
      "ProviderSpecialty": null,
      "Gender": [{
        "INVALID_REASON_CAPTION": "Unknown",
        "CONCEPT_ID": 8507,
        "STANDARD_CONCEPT": null,
        "CONCEPT_CODE": "M",
        "VOCABULARY_ID": "Gender",
        "CONCEPT_NAME": "MALE",
        "DOMAIN_ID": "Gender",
        "STANDARD_CONCEPT_CAPTION": "Unknown",
        "CONCEPT_CLASS_ID": null,
        "INVALID_REASON": null
      }],
      "VisitType": null,
      "First": null,
      "OccurrenceStartDate": null,
      "ConditionType": null,
      "ConditionSourceConcept": null,
      "ConditionStatus": null,
      "StopReason": null,
      "Age": {
        "Op": "gte",
        "Extent": null,
        "Value": 70
      }
    }}],
    "PrimaryCriteriaLimit": {"Type": "All"},
    "ObservationWindow": {
      "PostDays": 0,
      "PriorDays": 0
    }
  }
}