{
  "ExpressionLimit": {"Type": "First"},
  "CollapseSettings": {
    "CollapseType": "ERA",
    "EraPad": 90
  },
  "CensorWindow": {
    "StartDate": null,
    "EndDate": null
  },
  "ConceptSets": [
    {
      "expression": {"items": [
        {
          "isExcluded": false,
          "concept": {
            "INVALID_REASON_CAPTION": "Valid",
            "CONCEPT_ID": 4100065,
            "STANDARD_CONCEPT": "S",
            "CONCEPT_CODE": "27619001",
            "VOCABULARY_ID": "SNOMED",
            "CONCEPT_NAME": "Disease due to Coronaviridae",
            "DOMAIN_ID": "Condition",
            "STANDARD_CONCEPT_CAPTION": "Standard",
            "CONCEPT_CLASS_ID": "Clinical Finding",
            "INVALID_REASON": "V"
          },
          "includeMapped": false,
          "includeDescendants": true
        },
        {
          "isExcluded": false,
          "concept": {
            "INVALID_REASON_CAPTION": "Valid",
            "CONCEPT_ID": 37311061,
            "STANDARD_CONCEPT": "S",
            "CONCEPT_CODE": "840539006",
            "VOCABULARY_ID": "SNOMED",
            "CONCEPT_NAME": "COVID-19",
            "DOMAIN_ID": "Condition",
            "STANDARD_CONCEPT_CAPTION": "Standard",
            "CONCEPT_CLASS_ID": "Clinical Finding",
            "INVALID_REASON": "V"
          },
          "includeMapped": false,
          "includeDescendants": false
        },
        {
          "isExcluded": false,
          "concept": {
            "INVALID_REASON_CAPTION": "Valid",
            "CONCEPT_ID": 439676,
            "STANDARD_CONCEPT": "S",
            "CONCEPT_CODE": "186747009",
            "VOCABULARY_ID": "SNOMED",
            "CONCEPT_NAME": "Coronavirus infection",
            "DOMAIN_ID": "Condition",
            "STANDARD_CONCEPT_CAPTION": "Standard",
            "CONCEPT_CLASS_ID": "Clinical Finding",
            "INVALID_REASON": "V"
          },
          "includeMapped": false,
          "includeDescendants": true
        },
        {
          "isExcluded": false,
          "concept": {
            "INVALID_REASON_CAPTION": "Valid",
            "CONCEPT_ID": 704996,
            "STANDARD_CONCEPT": "S",
            "CONCEPT_CODE": "OMOP4912978",
            "VOCABULARY_ID": "OMOP Extension",
            "CONCEPT_NAME": "Patient meets COVID-19 laboratory diagnostic criteria",
            "DOMAIN_ID": "Observation",
            "STANDARD_CONCEPT_CAPTION": "Standard",
            "CONCEPT_CLASS_ID": "Clinical Finding",
            "INVALID_REASON": "V"
          },
          "includeMapped": false,
          "includeDescendants": false
        }
      ]},
      "name": "[JWP] COVID 19",
      "id": 6
    },
    {
      "expression": {"items": [
        {
          "isExcluded": false,
          "concept": {
            "INVALID_REASON_CAPTION": "Valid",
            "CONCEPT_ID": 9201,
            "STANDARD_CONCEPT": "S",
            "CONCEPT_CODE": "IP",
            "VOCABULARY_ID": "Visit",
            "CONCEPT_NAME": "Inpatient Visit",
            "DOMAIN_ID": "Visit",
            "STANDARD_CONCEPT_CAPTION": "Standard",
            "CONCEPT_CLASS_ID": "Visit",
            "INVALID_REASON": "V"
          },
          "includeMapped": false,
          "includeDescendants": true
        },
        {
          "isExcluded": false,
          "concept": {
            "INVALID_REASON_CAPTION": "Valid",
            "CONCEPT_ID": 262,
            "STANDARD_CONCEPT": "S",
            "CONCEPT_CODE": "ERIP",
            "VOCABULARY_ID": "Visit",
            "CONCEPT_NAME": "Emergency Room and Inpatient Visit",
            "DOMAIN_ID": "Visit",
            "STANDARD_CONCEPT_CAPTION": "Standard",
            "CONCEPT_CLASS_ID": "Visit",
            "INVALID_REASON": "V"
          },
          "includeMapped": false,
          "includeDescendants": true
        }
      ]},
      "name": "[JWP] inpatient visit",
      "id": 7
    }
  ],
  "cdmVersionRange": ">=5.0.0",
  "CensoringCriteria": [],
  "AdditionalCriteria": {
    "CriteriaList": [],
    "Type": "ANY",
    "DemographicCriteriaList": [],
    "Groups": [],
    "Count": null
  },
  "QualifiedLimit": {"Type": "First"},
  "InclusionRules": [{
    "expression": {
      "CriteriaList": [
        {
          "RestrictVisit": false,
          "StartWindow": {
            "UseEventEnd": false,
            "Start": {
              "Days": 30,
              "Coeff": -1
            },
            "End": {
              "Days": 0,
              "Coeff": 1
            },
            "UseIndexEnd": false
          },
          "IgnoreObservationPeriod": false,
          "EndWindow": null,
          "Criteria": {"ConditionOccurrence": {
            "OccurrenceEndDate": null,
            "CorrelatedCriteria": null,
            "ConditionTypeExclude": false,
            "CodesetId": 6,
            "ProviderSpecialty": null,
            "Gender": null,
            "VisitType": null,
            "First": null,
            "OccurrenceStartDate": null,
            "ConditionType": null,
            "ConditionSourceConcept": null,
            "ConditionStatus": null,
            "StopReason": null,
            "Age": null
          }},
          "Occurrence": {
            "Type": 2,
            "CountColumn": null,
            "IsDistinct": false,
            "Count": 1
          }
        },
        {
          "RestrictVisit": false,
          "StartWindow": {
            "UseEventEnd": false,
            "Start": {
              "Days": 30,
              "Coeff": -1
            },
            "End": {
              "Days": 0,
              "Coeff": 1
            },
            "UseIndexEnd": false
          },
          "IgnoreObservationPeriod": false,
          "EndWindow": null,
          "Criteria": {"Observation": {
            "ValueAsConcept": null,
            "ObservationType": null,
            "CorrelatedCriteria": null,
            "ObservationTypeExclude": false,
            "ValueAsString": null,
            "CodesetId": 6,
            "ProviderSpecialty": null,
            "Gender": null,
            "Unit": null,
            "ObservationSourceConcept": null,
            "VisitType": null,
            "ValueAsNumber": null,
            "Qualifier": null,
            "First": null,
            "OccurrenceStartDate": null,
            "Age": null
          }},
          "Occurrence": {
            "Type": 2,
            "CountColumn": null,
            "IsDistinct": false,
            "Count": 1
          }
        }
      ],
      "Type": "ANY",
      "DemographicCriteriaList": [],
      "Groups": [],
      "Count": null
    },
    "name": "covid19",
    "description": null
  }],
  "PrimaryCriteria": {
    "CriteriaList": [{"VisitOccurrence": {
      "OccurrenceEndDate": null,
      "VisitLength": null,
      "CorrelatedCriteria": null,
      "VisitSourceConcept": null,
      "CodesetId": 7,
      "VisitTypeExclude": false,
      "ProviderSpecialty": null,
      "Gender": null,
      "PlaceOfServiceLocation": null,
      "PlaceOfService": null,
      "VisitType": null,
      "First": null,
      "OccurrenceStartDate": null,
      "Age": {
        "Op": "gte",
        "Extent": null,
        "Value": 18
      }
    }}],
    "PrimaryCriteriaLimit": {"Type": "All"},
    "ObservationWindow": {
      "PostDays": 0,
      "PriorDays": 0
    }
  }
}