atlasId,atlasName,cohortId,name
765,[EUNZI] [Target] (+)Corticosteroids (+)COVID,765,EUNZI_Target_Corticosteroids_COVID
766,[EUNZI] [Comparator] (-)Corticosteroids (+)COVID,766,EUNZI_Comparator_Corticosteroids_COVID
767,[EUNZI] [Outcome] (+)admission within 30days,767,EUNZI_Outcome_admission_within_30days
768,[EUNZI] [Outcome] (+)admission (+)pneumonia within 30days,768,EUNZI_Outcome_admission_pneumonia_within_30days
769,[EUNZI] [Target] (+)antimetabolites (+)COVID,769,EUNZI_Target_antimetabolites_COVID
770,[EUNZI] [Comparator] (-)antimetabolites (+)COVID,770,EUNZI_Comparator_antimetabolites_COVID
771,[EUNZI] [Target] (+)calcineurin inhibitors (+)COVID,771,EUNZI_Target_calcineurin_inhibitors_COVID
772,[EUNZI] [Comparator] (-)calcineurin inhibitors (+)COVID,772,EUNZI_Comparator_calcineurin_inhibitors_COVID
773,[EUNZI] [Target] (+)anti TNF inhibitor (+)COVID,773,EUNZI_Target_anti_TNF_inhibitor_COVID
774,[EUNZI] [Comparator] (-)anti TNF inhibitor (+)COVID,774,EUNZI_Comparator_anti_TNF_inhibitor_COVID
775,[EUNZI] [Target] (+)others (+)COVID,775,EUNZI_Target_others_COVID
776,[EUNZI] [Comparator] (-)others (+)COVID,776,EUNZI_Comparator_others_COVID
