targetId,comparatorId,outcomeId,outcomeName,type
765,766,45757370,Disproportion of reconstructed breast,outcome
765,766,433111,Effects of hunger,outcome
765,766,433527,Endometriosis (clinical),outcome
765,766,4170770,Epidermoid cyst,outcome
765,766,4092896,Feces contents abnormal,outcome
765,766,259995,Foreign body in orifice,outcome
765,766,40481632,Ganglion cyst,outcome
765,766,4166231,Genetic predisposition,outcome
765,766,433577,Hammer toe,outcome
765,766,4231770,Hereditary thrombophilia,outcome
765,766,440329,Herpes zoster without complication,outcome
765,766,4012570,High risk sexual behavior,outcome
765,766,4012934,Homocystinuria,outcome
765,766,441788,Human papilloma virus infection,outcome
765,766,4201717,Ileostomy present,outcome
765,766,374375,Impacted cerumen,outcome
765,766,4344500,Impingement syndrome of shoulder region,outcome
765,766,139099,Ingrowing nail,outcome
765,766,444132,Injury of knee,outcome
765,766,196168,Irregular periods,outcome
765,766,432593,Kwashiorkor,outcome
765,766,434203,Late effect of contusion,outcome
765,766,438329,Late effect of motor vehicle accident,outcome
765,766,195873,Leukorrhea,outcome
765,766,4083487,Macular drusen,outcome
765,766,4103703,Melena,outcome
765,766,4209423,Nicotine dependence,outcome
765,766,377572,Noise effects on inner ear,outcome
765,766,136368,Non-toxic multinodular goiter,outcome
765,766,40480893,Nonspecific tuberculin test reaction,outcome
765,766,140648,Onychomycosis due to dermatophyte,outcome
765,766,438130,Opioid abuse,outcome
765,766,4091513,Passing flatus,outcome
765,766,4202045,Postviral fatigue syndrome,outcome
765,766,373478,Presbyopia,outcome
765,766,46286594,Problem related to lifestyle,outcome
765,766,439790,Psychalgia,outcome
765,766,81634,Ptotic breast,outcome
765,766,380706,Regular astigmatism,outcome
765,766,141932,Senile hyperkeratosis,outcome
765,766,36713918,Somatic dysfunction of lumbar region,outcome
765,766,443172,"Splinter of face, without major open wound",outcome
765,766,81151,Sprain of ankle,outcome
765,766,72748,Strain of rotator cuff capsule,outcome
765,766,378427,Tear film insufficiency,outcome
765,766,437264,Tobacco dependence syndrome,outcome
765,766,140641,Verruca vulgaris,outcome
765,766,4180978,Vulvovaginitis,outcome
765,766,4115367,Wrist joint pain,outcome
765,766,440193,Wristdrop,outcome
765,766,434165,Abnormal cervical smear,outcome
765,766,436409,Abnormal pupil,outcome
765,766,199192,Abrasion and/or friction burn of trunk without infection,outcome
765,766,4088290,Absence of breast,outcome
765,766,4092879,Absent kidney,outcome
765,766,44783954,Acid reflux,outcome
765,766,75911,Acquired hallux valgus,outcome
765,766,137951,Acquired keratoderma,outcome
765,766,77965,Acquired trigger finger,outcome
765,766,376707,Acute conjunctivitis,outcome
765,766,4103640,Amputated foot,outcome
765,766,73241,Anal and rectal polyp,outcome
765,766,133655,Burn of forearm,outcome
765,766,73560,Calcaneal spur,outcome
765,766,434327,Cannabis abuse,outcome
765,766,4213540,Cervical somatic dysfunction,outcome
765,766,140842,Changes in skin texture,outcome
765,766,81378,Chondromalacia of patella,outcome
765,766,432303,Cocaine abuse,outcome
765,766,4201390,Colostomy present,outcome
765,766,46269889,Complication due to Crohn's disease,outcome
765,766,134438,Contact dermatitis,outcome
765,766,78619,Contusion of knee,outcome
765,766,201606,Crohn's disease,outcome
765,766,76786,Derangement of knee,outcome
765,766,4115402,Difficulty sleeping,outcome
769,770,45757370,Disproportion of reconstructed breast,outcome
769,770,433111,Effects of hunger,outcome
769,770,433527,Endometriosis (clinical),outcome
769,770,4170770,Epidermoid cyst,outcome
769,770,4092896,Feces contents abnormal,outcome
769,770,259995,Foreign body in orifice,outcome
769,770,40481632,Ganglion cyst,outcome
769,770,4166231,Genetic predisposition,outcome
769,770,433577,Hammer toe,outcome
769,770,4231770,Hereditary thrombophilia,outcome
769,770,440329,Herpes zoster without complication,outcome
769,770,4012570,High risk sexual behavior,outcome
769,770,4012934,Homocystinuria,outcome
769,770,441788,Human papilloma virus infection,outcome
769,770,4201717,Ileostomy present,outcome
769,770,374375,Impacted cerumen,outcome
769,770,4344500,Impingement syndrome of shoulder region,outcome
769,770,139099,Ingrowing nail,outcome
769,770,444132,Injury of knee,outcome
769,770,196168,Irregular periods,outcome
769,770,432593,Kwashiorkor,outcome
769,770,434203,Late effect of contusion,outcome
769,770,438329,Late effect of motor vehicle accident,outcome
769,770,195873,Leukorrhea,outcome
769,770,4083487,Macular drusen,outcome
769,770,4103703,Melena,outcome
769,770,4209423,Nicotine dependence,outcome
769,770,377572,Noise effects on inner ear,outcome
769,770,136368,Non-toxic multinodular goiter,outcome
769,770,40480893,Nonspecific tuberculin test reaction,outcome
769,770,140648,Onychomycosis due to dermatophyte,outcome
769,770,438130,Opioid abuse,outcome
769,770,4091513,Passing flatus,outcome
769,770,4202045,Postviral fatigue syndrome,outcome
769,770,373478,Presbyopia,outcome
769,770,46286594,Problem related to lifestyle,outcome
769,770,439790,Psychalgia,outcome
769,770,81634,Ptotic breast,outcome
769,770,380706,Regular astigmatism,outcome
769,770,141932,Senile hyperkeratosis,outcome
769,770,36713918,Somatic dysfunction of lumbar region,outcome
769,770,443172,"Splinter of face, without major open wound",outcome
769,770,81151,Sprain of ankle,outcome
769,770,72748,Strain of rotator cuff capsule,outcome
769,770,378427,Tear film insufficiency,outcome
769,770,437264,Tobacco dependence syndrome,outcome
769,770,140641,Verruca vulgaris,outcome
769,770,4180978,Vulvovaginitis,outcome
769,770,4115367,Wrist joint pain,outcome
769,770,440193,Wristdrop,outcome
769,770,434165,Abnormal cervical smear,outcome
769,770,436409,Abnormal pupil,outcome
769,770,199192,Abrasion and/or friction burn of trunk without infection,outcome
769,770,4088290,Absence of breast,outcome
769,770,4092879,Absent kidney,outcome
769,770,44783954,Acid reflux,outcome
769,770,75911,Acquired hallux valgus,outcome
769,770,137951,Acquired keratoderma,outcome
769,770,77965,Acquired trigger finger,outcome
769,770,376707,Acute conjunctivitis,outcome
769,770,4103640,Amputated foot,outcome
769,770,73241,Anal and rectal polyp,outcome
769,770,133655,Burn of forearm,outcome
769,770,73560,Calcaneal spur,outcome
769,770,434327,Cannabis abuse,outcome
769,770,4213540,Cervical somatic dysfunction,outcome
769,770,140842,Changes in skin texture,outcome
769,770,81378,Chondromalacia of patella,outcome
769,770,432303,Cocaine abuse,outcome
769,770,4201390,Colostomy present,outcome
769,770,46269889,Complication due to Crohn's disease,outcome
769,770,134438,Contact dermatitis,outcome
769,770,78619,Contusion of knee,outcome
769,770,201606,Crohn's disease,outcome
769,770,76786,Derangement of knee,outcome
769,770,4115402,Difficulty sleeping,outcome
771,772,45757370,Disproportion of reconstructed breast,outcome
771,772,433111,Effects of hunger,outcome
771,772,433527,Endometriosis (clinical),outcome
771,772,4170770,Epidermoid cyst,outcome
771,772,4092896,Feces contents abnormal,outcome
771,772,259995,Foreign body in orifice,outcome
771,772,40481632,Ganglion cyst,outcome
771,772,4166231,Genetic predisposition,outcome
771,772,433577,Hammer toe,outcome
771,772,4231770,Hereditary thrombophilia,outcome
771,772,440329,Herpes zoster without complication,outcome
771,772,4012570,High risk sexual behavior,outcome
771,772,4012934,Homocystinuria,outcome
771,772,441788,Human papilloma virus infection,outcome
771,772,4201717,Ileostomy present,outcome
771,772,374375,Impacted cerumen,outcome
771,772,4344500,Impingement syndrome of shoulder region,outcome
771,772,139099,Ingrowing nail,outcome
771,772,444132,Injury of knee,outcome
771,772,196168,Irregular periods,outcome
771,772,432593,Kwashiorkor,outcome
771,772,434203,Late effect of contusion,outcome
771,772,438329,Late effect of motor vehicle accident,outcome
771,772,195873,Leukorrhea,outcome
771,772,4083487,Macular drusen,outcome
771,772,4103703,Melena,outcome
771,772,4209423,Nicotine dependence,outcome
771,772,377572,Noise effects on inner ear,outcome
771,772,136368,Non-toxic multinodular goiter,outcome
771,772,40480893,Nonspecific tuberculin test reaction,outcome
771,772,140648,Onychomycosis due to dermatophyte,outcome
771,772,438130,Opioid abuse,outcome
771,772,4091513,Passing flatus,outcome
771,772,4202045,Postviral fatigue syndrome,outcome
771,772,373478,Presbyopia,outcome
771,772,46286594,Problem related to lifestyle,outcome
771,772,439790,Psychalgia,outcome
771,772,81634,Ptotic breast,outcome
771,772,380706,Regular astigmatism,outcome
771,772,141932,Senile hyperkeratosis,outcome
771,772,36713918,Somatic dysfunction of lumbar region,outcome
771,772,443172,"Splinter of face, without major open wound",outcome
771,772,81151,Sprain of ankle,outcome
771,772,72748,Strain of rotator cuff capsule,outcome
771,772,378427,Tear film insufficiency,outcome
771,772,437264,Tobacco dependence syndrome,outcome
771,772,140641,Verruca vulgaris,outcome
771,772,4180978,Vulvovaginitis,outcome
771,772,4115367,Wrist joint pain,outcome
771,772,440193,Wristdrop,outcome
771,772,434165,Abnormal cervical smear,outcome
771,772,436409,Abnormal pupil,outcome
771,772,199192,Abrasion and/or friction burn of trunk without infection,outcome
771,772,4088290,Absence of breast,outcome
771,772,4092879,Absent kidney,outcome
771,772,44783954,Acid reflux,outcome
771,772,75911,Acquired hallux valgus,outcome
771,772,137951,Acquired keratoderma,outcome
771,772,77965,Acquired trigger finger,outcome
771,772,376707,Acute conjunctivitis,outcome
771,772,4103640,Amputated foot,outcome
771,772,73241,Anal and rectal polyp,outcome
771,772,133655,Burn of forearm,outcome
771,772,73560,Calcaneal spur,outcome
771,772,434327,Cannabis abuse,outcome
771,772,4213540,Cervical somatic dysfunction,outcome
771,772,140842,Changes in skin texture,outcome
771,772,81378,Chondromalacia of patella,outcome
771,772,432303,Cocaine abuse,outcome
771,772,4201390,Colostomy present,outcome
771,772,46269889,Complication due to Crohn's disease,outcome
771,772,134438,Contact dermatitis,outcome
771,772,78619,Contusion of knee,outcome
771,772,201606,Crohn's disease,outcome
771,772,76786,Derangement of knee,outcome
771,772,4115402,Difficulty sleeping,outcome
773,774,45757370,Disproportion of reconstructed breast,outcome
773,774,433111,Effects of hunger,outcome
773,774,433527,Endometriosis (clinical),outcome
773,774,4170770,Epidermoid cyst,outcome
773,774,4092896,Feces contents abnormal,outcome
773,774,259995,Foreign body in orifice,outcome
773,774,40481632,Ganglion cyst,outcome
773,774,4166231,Genetic predisposition,outcome
773,774,433577,Hammer toe,outcome
773,774,4231770,Hereditary thrombophilia,outcome
773,774,440329,Herpes zoster without complication,outcome
773,774,4012570,High risk sexual behavior,outcome
773,774,4012934,Homocystinuria,outcome
773,774,441788,Human papilloma virus infection,outcome
773,774,4201717,Ileostomy present,outcome
773,774,374375,Impacted cerumen,outcome
773,774,4344500,Impingement syndrome of shoulder region,outcome
773,774,139099,Ingrowing nail,outcome
773,774,444132,Injury of knee,outcome
773,774,196168,Irregular periods,outcome
773,774,432593,Kwashiorkor,outcome
773,774,434203,Late effect of contusion,outcome
773,774,438329,Late effect of motor vehicle accident,outcome
773,774,195873,Leukorrhea,outcome
773,774,4083487,Macular drusen,outcome
773,774,4103703,Melena,outcome
773,774,4209423,Nicotine dependence,outcome
773,774,377572,Noise effects on inner ear,outcome
773,774,136368,Non-toxic multinodular goiter,outcome
773,774,40480893,Nonspecific tuberculin test reaction,outcome
773,774,140648,Onychomycosis due to dermatophyte,outcome
773,774,438130,Opioid abuse,outcome
773,774,4091513,Passing flatus,outcome
773,774,4202045,Postviral fatigue syndrome,outcome
773,774,373478,Presbyopia,outcome
773,774,46286594,Problem related to lifestyle,outcome
773,774,439790,Psychalgia,outcome
773,774,81634,Ptotic breast,outcome
773,774,380706,Regular astigmatism,outcome
773,774,141932,Senile hyperkeratosis,outcome
773,774,36713918,Somatic dysfunction of lumbar region,outcome
773,774,443172,"Splinter of face, without major open wound",outcome
773,774,81151,Sprain of ankle,outcome
773,774,72748,Strain of rotator cuff capsule,outcome
773,774,378427,Tear film insufficiency,outcome
773,774,437264,Tobacco dependence syndrome,outcome
773,774,140641,Verruca vulgaris,outcome
773,774,4180978,Vulvovaginitis,outcome
773,774,4115367,Wrist joint pain,outcome
773,774,440193,Wristdrop,outcome
773,774,434165,Abnormal cervical smear,outcome
773,774,436409,Abnormal pupil,outcome
773,774,199192,Abrasion and/or friction burn of trunk without infection,outcome
773,774,4088290,Absence of breast,outcome
773,774,4092879,Absent kidney,outcome
773,774,44783954,Acid reflux,outcome
773,774,75911,Acquired hallux valgus,outcome
773,774,137951,Acquired keratoderma,outcome
773,774,77965,Acquired trigger finger,outcome
773,774,376707,Acute conjunctivitis,outcome
773,774,4103640,Amputated foot,outcome
773,774,73241,Anal and rectal polyp,outcome
773,774,133655,Burn of forearm,outcome
773,774,73560,Calcaneal spur,outcome
773,774,434327,Cannabis abuse,outcome
773,774,4213540,Cervical somatic dysfunction,outcome
773,774,140842,Changes in skin texture,outcome
773,774,81378,Chondromalacia of patella,outcome
773,774,432303,Cocaine abuse,outcome
773,774,4201390,Colostomy present,outcome
773,774,46269889,Complication due to Crohn's disease,outcome
773,774,134438,Contact dermatitis,outcome
773,774,78619,Contusion of knee,outcome
773,774,201606,Crohn's disease,outcome
773,774,76786,Derangement of knee,outcome
773,774,4115402,Difficulty sleeping,outcome
775,776,45757370,Disproportion of reconstructed breast,outcome
775,776,433111,Effects of hunger,outcome
775,776,433527,Endometriosis (clinical),outcome
775,776,4170770,Epidermoid cyst,outcome
775,776,4092896,Feces contents abnormal,outcome
775,776,259995,Foreign body in orifice,outcome
775,776,40481632,Ganglion cyst,outcome
775,776,4166231,Genetic predisposition,outcome
775,776,433577,Hammer toe,outcome
775,776,4231770,Hereditary thrombophilia,outcome
775,776,440329,Herpes zoster without complication,outcome
775,776,4012570,High risk sexual behavior,outcome
775,776,4012934,Homocystinuria,outcome
775,776,441788,Human papilloma virus infection,outcome
775,776,4201717,Ileostomy present,outcome
775,776,374375,Impacted cerumen,outcome
775,776,4344500,Impingement syndrome of shoulder region,outcome
775,776,139099,Ingrowing nail,outcome
775,776,444132,Injury of knee,outcome
775,776,196168,Irregular periods,outcome
775,776,432593,Kwashiorkor,outcome
775,776,434203,Late effect of contusion,outcome
775,776,438329,Late effect of motor vehicle accident,outcome
775,776,195873,Leukorrhea,outcome
775,776,4083487,Macular drusen,outcome
775,776,4103703,Melena,outcome
775,776,4209423,Nicotine dependence,outcome
775,776,377572,Noise effects on inner ear,outcome
775,776,136368,Non-toxic multinodular goiter,outcome
775,776,40480893,Nonspecific tuberculin test reaction,outcome
775,776,140648,Onychomycosis due to dermatophyte,outcome
775,776,438130,Opioid abuse,outcome
775,776,4091513,Passing flatus,outcome
775,776,4202045,Postviral fatigue syndrome,outcome
775,776,373478,Presbyopia,outcome
775,776,46286594,Problem related to lifestyle,outcome
775,776,439790,Psychalgia,outcome
775,776,81634,Ptotic breast,outcome
775,776,380706,Regular astigmatism,outcome
775,776,141932,Senile hyperkeratosis,outcome
775,776,36713918,Somatic dysfunction of lumbar region,outcome
775,776,443172,"Splinter of face, without major open wound",outcome
775,776,81151,Sprain of ankle,outcome
775,776,72748,Strain of rotator cuff capsule,outcome
775,776,378427,Tear film insufficiency,outcome
775,776,437264,Tobacco dependence syndrome,outcome
775,776,140641,Verruca vulgaris,outcome
775,776,4180978,Vulvovaginitis,outcome
775,776,4115367,Wrist joint pain,outcome
775,776,440193,Wristdrop,outcome
775,776,434165,Abnormal cervical smear,outcome
775,776,436409,Abnormal pupil,outcome
775,776,199192,Abrasion and/or friction burn of trunk without infection,outcome
775,776,4088290,Absence of breast,outcome
775,776,4092879,Absent kidney,outcome
775,776,44783954,Acid reflux,outcome
775,776,75911,Acquired hallux valgus,outcome
775,776,137951,Acquired keratoderma,outcome
775,776,77965,Acquired trigger finger,outcome
775,776,376707,Acute conjunctivitis,outcome
775,776,4103640,Amputated foot,outcome
775,776,73241,Anal and rectal polyp,outcome
775,776,133655,Burn of forearm,outcome
775,776,73560,Calcaneal spur,outcome
775,776,434327,Cannabis abuse,outcome
775,776,4213540,Cervical somatic dysfunction,outcome
775,776,140842,Changes in skin texture,outcome
775,776,81378,Chondromalacia of patella,outcome
775,776,432303,Cocaine abuse,outcome
775,776,4201390,Colostomy present,outcome
775,776,46269889,Complication due to Crohn's disease,outcome
775,776,134438,Contact dermatitis,outcome
775,776,78619,Contusion of knee,outcome
775,776,201606,Crohn's disease,outcome
775,776,76786,Derangement of knee,outcome
775,776,4115402,Difficulty sleeping,outcome
