targetId,comparatorId,outcomeId,outcomeName,type
764,762,439676,Coronavirus infection,outcome
764,762,37311061,COVID-19,outcome
764,762,4100065,Disease due to Coronaviridae,outcome
764,762,704996,Patient meets COVID-19 laboratory diagnostic criteria,outcome
760,761,439676,Coronavirus infection,outcome
760,761,37311061,COVID-19,outcome
760,761,4100065,Disease due to Coronaviridae,outcome
760,761,704996,Patient meets COVID-19 laboratory diagnostic criteria,outcome
758,757,439676,Coronavirus infection,outcome
758,757,37311061,COVID-19,outcome
758,757,4100065,Disease due to Coronaviridae,outcome
758,757,704996,Patient meets COVID-19 laboratory diagnostic criteria,outcome
