[
  {
    "comparatorType": null,
    "fitOutcomeModel": true,
    "getDbCohortMethodDataArgs": {
      "restrictToCommonPeriod": false,
      "removeDuplicateSubjects": "remove all",
      "maxCohortSize": 0,
      "excludeDrugsFromCovariates": false,
      "covariateSettings": {
        "VisitCountMediumTerm": false,
        "ObservationShortTerm": true,
        "shortTermStartDays": -30,
        "MeasurementRangeGroupShortTerm": false,
        "ConditionOccurrenceLongTerm": true,
        "DrugEraStartLongTerm": false,
        "VisitCountShortTerm": false,
        "Chads2Vasc": false,
        "ConditionGroupEraStartLongTerm": false,
        "ConditionEraShortTerm": false,
        "Dcsi": false,
        "DrugGroupEraLongTerm": true,
        "DrugGroupEraShortTerm": true,
        "ConditionEraStartLongTerm": false,
        "temporal": false,
        "DemographicsIndexMonth": true,
        "ConditionOccurrencePrimaryInpatientLongTerm": false,
        "ConditionEraAnyTimePrior": false,
        "addDescendantsToInclude": false,
        "ConditionGroupEraStartMediumTerm": false,
        "ProcedureOccurrenceLongTerm": true,
        "DrugExposureLongTerm": false,
        "DrugEraStartShortTerm": false,
        "DistinctIngredientCountMediumTerm": false,
        "DistinctMeasurementCountShortTerm": false,
        "MeasurementRangeGroupLongTerm": true,
        "ConditionGroupEraOverlapping": false,
        "attr_fun": "getDbDefaultCovariateData",
        "MeasurementRangeGroupMediumTerm": false,
        "DrugGroupEraStartMediumTerm": false,
        "MeasurementAnyTimePrior": false,
        "MeasurementMediumTerm": false,
        "includedCovariateIds": [],
        "ConditionOccurrenceAnyTimePrior": false,
        "DistinctConditionCountLongTerm": false,
        "MeasurementValueLongTerm": false,
        "DrugEraShortTerm": false,
        "DrugGroupEraAnyTimePrior": true,
        "DrugEraOverlapping": false,
        "ConditionOccurrencePrimaryInpatientAnyTimePrior": false,
        "ConditionEraMediumTerm": false,
        "ConditionEraOverlapping": false,
        "ConditionEraStartShortTerm": false,
        "ObservationAnyTimePrior": false,
        "VisitConceptCountShortTerm": false,
        "DemographicsEthnicity": false,
        "DistinctIngredientCountLongTerm": false,
        "ConditionOccurrencePrimaryInpatientShortTerm": true,
        "DemographicsAgeGroup": true,
        "DistinctProcedureCountShortTerm": false,
        "DistinctObservationCountMediumTerm": false,
        "includedCovariateConceptIds": [],
        "DrugGroupEraStartShortTerm": false,
        "addDescendantsToExclude": true,
        "DrugEraLongTerm": false,
        "DistinctConditionCountShortTerm": false,
        "ConditionGroupEraShortTerm": true,
        "ConditionEraStartMediumTerm": false,
        "VisitCountLongTerm": true,
        "DemographicsRace": false,
        "ProcedureOccurrenceAnyTimePrior": false,
        "DistinctObservationCountLongTerm": false,
        "attr_class": "covariateSettings",
        "ProcedureOccurrenceMediumTerm": false,
        "CharlsonIndex": true,
        "DemographicsPriorObservationTime": false,
        "MeasurementShortTerm": true,
        "DistinctProcedureCountMediumTerm": false,
        "ConditionEraLongTerm": false,
        "DrugGroupEraStartLongTerm": false,
        "DemographicsGender": true,
        "DeviceExposureAnyTimePrior": false,
        "ObservationLongTerm": true,
        "DemographicsIndexYearMonth": false,
        "ConditionOccurrenceMediumTerm": true,
        "longTermStartDays": -365,
        "DemographicsAge": false,
        "DrugGroupEraOverlapping": true,
        "DistinctMeasurementCountLongTerm": false,
        "MeasurementRangeGroupAnyTimePrior": false,
        "DistinctConditionCountMediumTerm": false,
        "DrugGroupEraMediumTerm": false,
        "ProcedureOccurrenceShortTerm": true,
        "ObservationMediumTerm": false,
        "ConditionGroupEraAnyTimePrior": true,
        "Chads2": false,
        "DrugExposureAnyTimePrior": false,
        "DeviceExposureLongTerm": true,
        "DemographicsTimeInCohort": false,
        "DistinctMeasurementCountMediumTerm": false,
        "MeasurementValueShortTerm": false,
        "DeviceExposureMediumTerm": false,
        "ConditionGroupEraStartShortTerm": false,
        "ConditionOccurrencePrimaryInpatientMediumTerm": false,
        "MeasurementLongTerm": true,
        "DemographicsIndexYear": true,
        "MeasurementValueMediumTerm": false,
        "DrugEraStartMediumTerm": false,
        "MeasurementValueAnyTimePrior": false,
        "DistinctObservationCountShortTerm": false,
        "DrugEraMediumTerm": false,
        "ConditionGroupEraLongTerm": true,
        "DrugExposureShortTerm": true,
        "DistinctIngredientCountShortTerm": false,
        "DeviceExposureShortTerm": true,
        "mediumTermStartDays": -180,
        "DemographicsPostObservationTime": false,
        "VisitConceptCountLongTerm": false,
        "VisitConceptCountMediumTerm": false,
        "excludedCovariateConceptIds": [
          74892,
          376955,
          440674,
          762219,
          4035436,
          4035437,
          4035438,
          4035751,
          4035752,
          4039287,
          4079745,
          4083344,
          4084229,
          4096347,
          4099013,
          4101425,
          4104957,
          4104958,
          4104959,
          4114911,
          4114912,
          4116007,
          4116008,
          4116009,
          4153103,
          4154437,
          4179065,
          4182267,
          4188214,
          4247334,
          4250767,
          4281849,
          4285308,
          4297662,
          4299408,
          35615129,
          35615130,
          36674930,
          36684526,
          36684527,
          36684528,
          36684529,
          36684530,
          36684531,
          36684532,
          36684533,
          36684534,
          36684535,
          36685026,
          36685027,
          36714445,
          36715572,
          37108592,
          37108594,
          37209406,
          37209407,
          37209408,
          37209463,
          37394509,
          42534842,
          42534843,
          42535119,
          42535120,
          42535121,
          42535122,
          42535127,
          42535133,
          42535203,
          42535204,
          42535205,
          42535206,
          42539209,
          42539261,
          42539266,
          42539288,
          44783578,
          45770178,
          46270412,
          46270413,
          46270416,
          46270417,
          46270418,
          46270419,
          46270420,
          46270421,
          46270422,
          46270423,
          46270424,
          46270425,
          46270426,
          46270427,
          46270428,
          46270429,
          46270430,
          46270431,
          46270432,
          46270435,
          46270436,
          46270437,
          46270438,
          46270439,
          46270440,
          46270441,
          46270442,
          46270443,
          46270444,
          46270445,
          46270446,
          46270447,
          46270448,
          46270449,
          46270450,
          46270451,
          46270452,
          46270453,
          46270454,
          46270455,
          46270456,
          46270457,
          46270458,
          46270459,
          46270460,
          46270461,
          46270464,
          46270465,
          46270466,
          46270467,
          46270468,
          46270470,
          46270471,
          46270472,
          46270473,
          46270474,
          46270475,
          46272380,
          46272381,
          46273507,
          46273508,
          46273523,
          46273541,
          46273638,
          46273639,
          46273641,
          46273648,
          46273653,
          46273655
        ],
        "ConditionGroupEraMediumTerm": false,
        "DrugExposureMediumTerm": true,
        "DistinctProcedureCountLongTerm": false,
        "DrugEraAnyTimePrior": false,
        "endDays": 0,
        "ConditionOccurrenceShortTerm": true
      },
      "studyStartDate": null,
      "washoutPeriod": 365,
      "firstExposureOnly": false,
      "attr_class": "args",
      "studyEndDate": null
    },
    "trimByPs": false,
    "createStudyPopArgs": {
      "restrictToCommonPeriod": false,
      "removeDuplicateSubjects": "keep all",
      "minDaysAtRisk": 1,
      "addExposureDaysToStart": false,
      "riskWindowStart": 0,
      "washoutPeriod": 0,
      "attr_class": "args",
      "censorAtNewRiskWindow": false,
      "addExposureDaysToEnd": true,
      "priorOutcomeLookback": 99999,
      "removeSubjectsWithPriorOutcome": true,
      "riskWindowEnd": 0,
      "firstExposureOnly": false
    },
    "description": "Propensity score matching: 1:5",
    "trimByPsArgs": {
      "trimFraction": 0.05,
      "attr_class": "args"
    },
    "targetType": null,
    "attr_class": "cmAnalysis",
    "stratifyByPs": false,
    "stratifyByPsAndCovariates": false,
    "matchOnPsAndCovariatesArgs": {
      "caliper": 0.2,
      "caliperScale": "standardized logit",
      "maxRatio": 1,
      "covariateIds": [],
      "attr_class": "args"
    },
    "trimByPsToEquipoise": false,
    "matchOnPs": true,
    "stratifyByPsAndCovariatesArgs": {
      "baseSelection": "all",
      "covariateIds": [],
      "numberOfStrata": 5,
      "attr_class": "args"
    },
    "matchOnPsArgs": {
      "caliper": 0.2,
      "caliperScale": "standardized logit",
      "maxRatio": 5,
      "attr_class": "args",
      "stratificationColumns": []
    },
    "stratifyByPsArgs": {
      "baseSelection": "all",
      "numberOfStrata": 5,
      "attr_class": "args",
      "stratificationColumns": []
    },
    "matchOnPsAndCovariates": false,
    "analysisId": 1,
    "createPsArgs": {
      "stopOnError": true,
      "excludeCovariateIds": [],
      "prior": {
        "variance": [1],
        "useCrossValidation": true,
        "priorType": "laplace",
        "exclude": [0],
        "neighborhood": null,
        "attr_class": "cyclopsPrior",
        "forceIntercept": false,
        "graph": null
      },
      "errorOnHighCorrelation": true,
      "control": {
        "maxIterations": 1000,
        "autoSearch": true,
        "seed": null,
        "initialBound": 2,
        "gridSteps": 10,
        "threads": 1,
        "startingVariance": 0.01,
        "useKKTSwindle": false,
        "lowerLimit": 0.01,
        "attr_class": "cyclopsControl",
        "cvRepetitions": 10,
        "noiseLevel": "silent",
        "fold": 10,
        "minCVData": 100,
        "resetCoefficients": false,
        "upperLimit": 20,
        "cvType": "auto",
        "selectorType": "auto",
        "convergenceType": "gradient",
        "tuneSwindle": 10,
        "maxBoundCount": 5,
        "tolerance": 2.0E-7,
        "algorithm": "ccd"
      },
      "attr_class": "args",
      "includeCovariateIds": [],
      "maxCohortSizeForFitting": 250000
    },
    "trimByPsToEquipoiseArgs": {
      "bounds": [
        0.25,
        0.75
      ],
      "attr_class": "args"
    },
    "fitOutcomeModelArgs": {
      "excludeCovariateIds": [],
      "useCovariates": false,
      "prior": {
        "variance": [1],
        "useCrossValidation": true,
        "priorType": "laplace",
        "exclude": [0],
        "neighborhood": null,
        "attr_class": "cyclopsPrior",
        "forceIntercept": false,
        "graph": null
      },
      "inversePtWeighting": false,
      "control": {
        "maxIterations": 1000,
        "autoSearch": true,
        "seed": null,
        "initialBound": 2,
        "gridSteps": 10,
        "threads": 1,
        "startingVariance": 0.01,
        "useKKTSwindle": false,
        "lowerLimit": 0.01,
        "attr_class": "cyclopsControl",
        "cvRepetitions": 10,
        "noiseLevel": "quiet",
        "fold": 10,
        "minCVData": 100,
        "resetCoefficients": false,
        "upperLimit": 20,
        "cvType": "auto",
        "selectorType": "auto",
        "convergenceType": "gradient",
        "tuneSwindle": 10,
        "maxBoundCount": 5,
        "tolerance": 2.0E-7,
        "algorithm": "ccd"
      },
      "modelType": "cox",
      "stratified": true,
      "attr_class": "args",
      "interactionCovariateIds": [],
      "includeCovariateIds": []
    },
    "createPs": true
  },
  {
    "comparatorType": null,
    "fitOutcomeModel": true,
    "getDbCohortMethodDataArgs": {
      "restrictToCommonPeriod": false,
      "removeDuplicateSubjects": "remove all",
      "maxCohortSize": 0,
      "excludeDrugsFromCovariates": false,
      "covariateSettings": {
        "VisitCountMediumTerm": false,
        "ObservationShortTerm": true,
        "shortTermStartDays": -30,
        "MeasurementRangeGroupShortTerm": false,
        "ConditionOccurrenceLongTerm": true,
        "DrugEraStartLongTerm": false,
        "VisitCountShortTerm": false,
        "Chads2Vasc": false,
        "ConditionGroupEraStartLongTerm": false,
        "ConditionEraShortTerm": false,
        "Dcsi": false,
        "DrugGroupEraLongTerm": true,
        "DrugGroupEraShortTerm": true,
        "ConditionEraStartLongTerm": false,
        "temporal": false,
        "DemographicsIndexMonth": true,
        "ConditionOccurrencePrimaryInpatientLongTerm": false,
        "ConditionEraAnyTimePrior": false,
        "addDescendantsToInclude": false,
        "ConditionGroupEraStartMediumTerm": false,
        "ProcedureOccurrenceLongTerm": true,
        "DrugExposureLongTerm": false,
        "DrugEraStartShortTerm": false,
        "DistinctIngredientCountMediumTerm": false,
        "DistinctMeasurementCountShortTerm": false,
        "MeasurementRangeGroupLongTerm": true,
        "ConditionGroupEraOverlapping": false,
        "attr_fun": "getDbDefaultCovariateData",
        "MeasurementRangeGroupMediumTerm": false,
        "DrugGroupEraStartMediumTerm": false,
        "MeasurementAnyTimePrior": false,
        "MeasurementMediumTerm": false,
        "includedCovariateIds": [],
        "ConditionOccurrenceAnyTimePrior": false,
        "DistinctConditionCountLongTerm": false,
        "MeasurementValueLongTerm": false,
        "DrugEraShortTerm": false,
        "DrugGroupEraAnyTimePrior": true,
        "DrugEraOverlapping": false,
        "ConditionOccurrencePrimaryInpatientAnyTimePrior": false,
        "ConditionEraMediumTerm": false,
        "ConditionEraOverlapping": false,
        "ConditionEraStartShortTerm": false,
        "ObservationAnyTimePrior": false,
        "VisitConceptCountShortTerm": false,
        "DemographicsEthnicity": false,
        "DistinctIngredientCountLongTerm": false,
        "ConditionOccurrencePrimaryInpatientShortTerm": true,
        "DemographicsAgeGroup": true,
        "DistinctProcedureCountShortTerm": false,
        "DistinctObservationCountMediumTerm": false,
        "includedCovariateConceptIds": [],
        "DrugGroupEraStartShortTerm": false,
        "addDescendantsToExclude": true,
        "DrugEraLongTerm": false,
        "DistinctConditionCountShortTerm": false,
        "ConditionGroupEraShortTerm": true,
        "ConditionEraStartMediumTerm": false,
        "VisitCountLongTerm": true,
        "DemographicsRace": false,
        "ProcedureOccurrenceAnyTimePrior": false,
        "DistinctObservationCountLongTerm": false,
        "attr_class": "covariateSettings",
        "ProcedureOccurrenceMediumTerm": false,
        "CharlsonIndex": true,
        "DemographicsPriorObservationTime": false,
        "MeasurementShortTerm": true,
        "DistinctProcedureCountMediumTerm": false,
        "ConditionEraLongTerm": false,
        "DrugGroupEraStartLongTerm": false,
        "DemographicsGender": true,
        "DeviceExposureAnyTimePrior": false,
        "ObservationLongTerm": true,
        "DemographicsIndexYearMonth": false,
        "ConditionOccurrenceMediumTerm": true,
        "longTermStartDays": -365,
        "DemographicsAge": false,
        "DrugGroupEraOverlapping": true,
        "DistinctMeasurementCountLongTerm": false,
        "MeasurementRangeGroupAnyTimePrior": false,
        "DistinctConditionCountMediumTerm": false,
        "DrugGroupEraMediumTerm": false,
        "ProcedureOccurrenceShortTerm": true,
        "ObservationMediumTerm": false,
        "ConditionGroupEraAnyTimePrior": true,
        "Chads2": false,
        "DrugExposureAnyTimePrior": false,
        "DeviceExposureLongTerm": true,
        "DemographicsTimeInCohort": false,
        "DistinctMeasurementCountMediumTerm": false,
        "MeasurementValueShortTerm": false,
        "DeviceExposureMediumTerm": false,
        "ConditionGroupEraStartShortTerm": false,
        "ConditionOccurrencePrimaryInpatientMediumTerm": false,
        "MeasurementLongTerm": true,
        "DemographicsIndexYear": true,
        "MeasurementValueMediumTerm": false,
        "DrugEraStartMediumTerm": false,
        "MeasurementValueAnyTimePrior": false,
        "DistinctObservationCountShortTerm": false,
        "DrugEraMediumTerm": false,
        "ConditionGroupEraLongTerm": true,
        "DrugExposureShortTerm": true,
        "DistinctIngredientCountShortTerm": false,
        "DeviceExposureShortTerm": true,
        "mediumTermStartDays": -180,
        "DemographicsPostObservationTime": false,
        "VisitConceptCountLongTerm": false,
        "VisitConceptCountMediumTerm": false,
        "excludedCovariateConceptIds": [
          74892,
          376955,
          440674,
          762219,
          4035436,
          4035437,
          4035438,
          4035751,
          4035752,
          4039287,
          4079745,
          4083344,
          4084229,
          4096347,
          4099013,
          4101425,
          4104957,
          4104958,
          4104959,
          4114911,
          4114912,
          4116007,
          4116008,
          4116009,
          4153103,
          4154437,
          4179065,
          4182267,
          4188214,
          4247334,
          4250767,
          4281849,
          4285308,
          4297662,
          4299408,
          35615129,
          35615130,
          36674930,
          36684526,
          36684527,
          36684528,
          36684529,
          36684530,
          36684531,
          36684532,
          36684533,
          36684534,
          36684535,
          36685026,
          36685027,
          36714445,
          36715572,
          37108592,
          37108594,
          37209406,
          37209407,
          37209408,
          37209463,
          37394509,
          42534842,
          42534843,
          42535119,
          42535120,
          42535121,
          42535122,
          42535127,
          42535133,
          42535203,
          42535204,
          42535205,
          42535206,
          42539209,
          42539261,
          42539266,
          42539288,
          44783578,
          45770178,
          46270412,
          46270413,
          46270416,
          46270417,
          46270418,
          46270419,
          46270420,
          46270421,
          46270422,
          46270423,
          46270424,
          46270425,
          46270426,
          46270427,
          46270428,
          46270429,
          46270430,
          46270431,
          46270432,
          46270435,
          46270436,
          46270437,
          46270438,
          46270439,
          46270440,
          46270441,
          46270442,
          46270443,
          46270444,
          46270445,
          46270446,
          46270447,
          46270448,
          46270449,
          46270450,
          46270451,
          46270452,
          46270453,
          46270454,
          46270455,
          46270456,
          46270457,
          46270458,
          46270459,
          46270460,
          46270461,
          46270464,
          46270465,
          46270466,
          46270467,
          46270468,
          46270470,
          46270471,
          46270472,
          46270473,
          46270474,
          46270475,
          46272380,
          46272381,
          46273507,
          46273508,
          46273523,
          46273541,
          46273638,
          46273639,
          46273641,
          46273648,
          46273653,
          46273655
        ],
        "ConditionGroupEraMediumTerm": false,
        "DrugExposureMediumTerm": true,
        "DistinctProcedureCountLongTerm": false,
        "DrugEraAnyTimePrior": false,
        "endDays": 0,
        "ConditionOccurrenceShortTerm": true
      },
      "studyStartDate": null,
      "washoutPeriod": 365,
      "firstExposureOnly": false,
      "attr_class": "args",
      "studyEndDate": null
    },
    "trimByPs": false,
    "createStudyPopArgs": {
      "restrictToCommonPeriod": false,
      "removeDuplicateSubjects": "keep all",
      "minDaysAtRisk": 1,
      "addExposureDaysToStart": false,
      "riskWindowStart": 0,
      "washoutPeriod": 0,
      "attr_class": "args",
      "censorAtNewRiskWindow": false,
      "addExposureDaysToEnd": true,
      "priorOutcomeLookback": 99999,
      "removeSubjectsWithPriorOutcome": true,
      "riskWindowEnd": 0,
      "firstExposureOnly": false
    },
    "description": "Propensity score stratification: 5 strata",
    "trimByPsArgs": {
      "trimFraction": 0.05,
      "attr_class": "args"
    },
    "targetType": null,
    "attr_class": "cmAnalysis",
    "stratifyByPs": true,
    "stratifyByPsAndCovariates": false,
    "matchOnPsAndCovariatesArgs": {
      "caliper": 0.2,
      "caliperScale": "standardized logit",
      "maxRatio": 1,
      "covariateIds": [],
      "attr_class": "args"
    },
    "trimByPsToEquipoise": false,
    "matchOnPs": false,
    "stratifyByPsAndCovariatesArgs": {
      "baseSelection": "all",
      "covariateIds": [],
      "numberOfStrata": 5,
      "attr_class": "args"
    },
    "matchOnPsArgs": {
      "caliper": 0.2,
      "caliperScale": "standardized logit",
      "maxRatio": 1,
      "attr_class": "args",
      "stratificationColumns": []
    },
    "stratifyByPsArgs": {
      "baseSelection": "all",
      "numberOfStrata": 5,
      "attr_class": "args",
      "stratificationColumns": []
    },
    "matchOnPsAndCovariates": false,
    "analysisId": 2,
    "createPsArgs": {
      "stopOnError": true,
      "excludeCovariateIds": [],
      "prior": {
        "variance": [1],
        "useCrossValidation": true,
        "priorType": "laplace",
        "exclude": [0],
        "neighborhood": null,
        "attr_class": "cyclopsPrior",
        "forceIntercept": false,
        "graph": null
      },
      "errorOnHighCorrelation": true,
      "control": {
        "maxIterations": 1000,
        "autoSearch": true,
        "seed": null,
        "initialBound": 2,
        "gridSteps": 10,
        "threads": 1,
        "startingVariance": 0.01,
        "useKKTSwindle": false,
        "lowerLimit": 0.01,
        "attr_class": "cyclopsControl",
        "cvRepetitions": 10,
        "noiseLevel": "silent",
        "fold": 10,
        "minCVData": 100,
        "resetCoefficients": false,
        "upperLimit": 20,
        "cvType": "auto",
        "selectorType": "auto",
        "convergenceType": "gradient",
        "tuneSwindle": 10,
        "maxBoundCount": 5,
        "tolerance": 2.0E-7,
        "algorithm": "ccd"
      },
      "attr_class": "args",
      "includeCovariateIds": [],
      "maxCohortSizeForFitting": 250000
    },
    "trimByPsToEquipoiseArgs": {
      "bounds": [
        0.25,
        0.75
      ],
      "attr_class": "args"
    },
    "fitOutcomeModelArgs": {
      "excludeCovariateIds": [],
      "useCovariates": false,
      "prior": {
        "variance": [1],
        "useCrossValidation": true,
        "priorType": "laplace",
        "exclude": [0],
        "neighborhood": null,
        "attr_class": "cyclopsPrior",
        "forceIntercept": false,
        "graph": null
      },
      "inversePtWeighting": false,
      "control": {
        "maxIterations": 1000,
        "autoSearch": true,
        "seed": null,
        "initialBound": 2,
        "gridSteps": 10,
        "threads": 1,
        "startingVariance": 0.01,
        "useKKTSwindle": false,
        "lowerLimit": 0.01,
        "attr_class": "cyclopsControl",
        "cvRepetitions": 10,
        "noiseLevel": "quiet",
        "fold": 10,
        "minCVData": 100,
        "resetCoefficients": false,
        "upperLimit": 20,
        "cvType": "auto",
        "selectorType": "auto",
        "convergenceType": "gradient",
        "tuneSwindle": 10,
        "maxBoundCount": 5,
        "tolerance": 2.0E-7,
        "algorithm": "ccd"
      },
      "modelType": "poisson",
      "stratified": true,
      "attr_class": "args",
      "interactionCovariateIds": [],
      "includeCovariateIds": []
    },
    "createPs": true
  },
  {
    "comparatorType": null,
    "fitOutcomeModel": true,
    "getDbCohortMethodDataArgs": {
      "restrictToCommonPeriod": false,
      "removeDuplicateSubjects": "remove all",
      "maxCohortSize": 0,
      "excludeDrugsFromCovariates": false,
      "covariateSettings": {
        "VisitCountMediumTerm": false,
        "ObservationShortTerm": true,
        "shortTermStartDays": -30,
        "MeasurementRangeGroupShortTerm": false,
        "ConditionOccurrenceLongTerm": true,
        "DrugEraStartLongTerm": false,
        "VisitCountShortTerm": false,
        "Chads2Vasc": false,
        "ConditionGroupEraStartLongTerm": false,
        "ConditionEraShortTerm": false,
        "Dcsi": false,
        "DrugGroupEraLongTerm": true,
        "DrugGroupEraShortTerm": true,
        "ConditionEraStartLongTerm": false,
        "temporal": false,
        "DemographicsIndexMonth": true,
        "ConditionOccurrencePrimaryInpatientLongTerm": false,
        "ConditionEraAnyTimePrior": false,
        "addDescendantsToInclude": false,
        "ConditionGroupEraStartMediumTerm": false,
        "ProcedureOccurrenceLongTerm": true,
        "DrugExposureLongTerm": false,
        "DrugEraStartShortTerm": false,
        "DistinctIngredientCountMediumTerm": false,
        "DistinctMeasurementCountShortTerm": false,
        "MeasurementRangeGroupLongTerm": true,
        "ConditionGroupEraOverlapping": false,
        "attr_fun": "getDbDefaultCovariateData",
        "MeasurementRangeGroupMediumTerm": false,
        "DrugGroupEraStartMediumTerm": false,
        "MeasurementAnyTimePrior": false,
        "MeasurementMediumTerm": false,
        "includedCovariateIds": [],
        "ConditionOccurrenceAnyTimePrior": false,
        "DistinctConditionCountLongTerm": false,
        "MeasurementValueLongTerm": false,
        "DrugEraShortTerm": false,
        "DrugGroupEraAnyTimePrior": true,
        "DrugEraOverlapping": false,
        "ConditionOccurrencePrimaryInpatientAnyTimePrior": false,
        "ConditionEraMediumTerm": false,
        "ConditionEraOverlapping": false,
        "ConditionEraStartShortTerm": false,
        "ObservationAnyTimePrior": false,
        "VisitConceptCountShortTerm": false,
        "DemographicsEthnicity": false,
        "DistinctIngredientCountLongTerm": false,
        "ConditionOccurrencePrimaryInpatientShortTerm": true,
        "DemographicsAgeGroup": true,
        "DistinctProcedureCountShortTerm": false,
        "DistinctObservationCountMediumTerm": false,
        "includedCovariateConceptIds": [],
        "DrugGroupEraStartShortTerm": false,
        "addDescendantsToExclude": true,
        "DrugEraLongTerm": false,
        "DistinctConditionCountShortTerm": false,
        "ConditionGroupEraShortTerm": true,
        "ConditionEraStartMediumTerm": false,
        "VisitCountLongTerm": true,
        "DemographicsRace": false,
        "ProcedureOccurrenceAnyTimePrior": false,
        "DistinctObservationCountLongTerm": false,
        "attr_class": "covariateSettings",
        "ProcedureOccurrenceMediumTerm": false,
        "CharlsonIndex": true,
        "DemographicsPriorObservationTime": false,
        "MeasurementShortTerm": true,
        "DistinctProcedureCountMediumTerm": false,
        "ConditionEraLongTerm": false,
        "DrugGroupEraStartLongTerm": false,
        "DemographicsGender": true,
        "DeviceExposureAnyTimePrior": false,
        "ObservationLongTerm": true,
        "DemographicsIndexYearMonth": false,
        "ConditionOccurrenceMediumTerm": true,
        "longTermStartDays": -365,
        "DemographicsAge": false,
        "DrugGroupEraOverlapping": true,
        "DistinctMeasurementCountLongTerm": false,
        "MeasurementRangeGroupAnyTimePrior": false,
        "DistinctConditionCountMediumTerm": false,
        "DrugGroupEraMediumTerm": false,
        "ProcedureOccurrenceShortTerm": true,
        "ObservationMediumTerm": false,
        "ConditionGroupEraAnyTimePrior": true,
        "Chads2": false,
        "DrugExposureAnyTimePrior": false,
        "DeviceExposureLongTerm": true,
        "DemographicsTimeInCohort": false,
        "DistinctMeasurementCountMediumTerm": false,
        "MeasurementValueShortTerm": false,
        "DeviceExposureMediumTerm": false,
        "ConditionGroupEraStartShortTerm": false,
        "ConditionOccurrencePrimaryInpatientMediumTerm": false,
        "MeasurementLongTerm": true,
        "DemographicsIndexYear": true,
        "MeasurementValueMediumTerm": false,
        "DrugEraStartMediumTerm": false,
        "MeasurementValueAnyTimePrior": false,
        "DistinctObservationCountShortTerm": false,
        "DrugEraMediumTerm": false,
        "ConditionGroupEraLongTerm": true,
        "DrugExposureShortTerm": true,
        "DistinctIngredientCountShortTerm": false,
        "DeviceExposureShortTerm": true,
        "mediumTermStartDays": -180,
        "DemographicsPostObservationTime": false,
        "VisitConceptCountLongTerm": false,
        "VisitConceptCountMediumTerm": false,
        "excludedCovariateConceptIds": [
          74892,
          376955,
          440674,
          762219,
          4035436,
          4035437,
          4035438,
          4035751,
          4035752,
          4039287,
          4079745,
          4083344,
          4084229,
          4096347,
          4099013,
          4101425,
          4104957,
          4104958,
          4104959,
          4114911,
          4114912,
          4116007,
          4116008,
          4116009,
          4153103,
          4154437,
          4179065,
          4182267,
          4188214,
          4247334,
          4250767,
          4281849,
          4285308,
          4297662,
          4299408,
          35615129,
          35615130,
          36674930,
          36684526,
          36684527,
          36684528,
          36684529,
          36684530,
          36684531,
          36684532,
          36684533,
          36684534,
          36684535,
          36685026,
          36685027,
          36714445,
          36715572,
          37108592,
          37108594,
          37209406,
          37209407,
          37209408,
          37209463,
          37394509,
          42534842,
          42534843,
          42535119,
          42535120,
          42535121,
          42535122,
          42535127,
          42535133,
          42535203,
          42535204,
          42535205,
          42535206,
          42539209,
          42539261,
          42539266,
          42539288,
          44783578,
          45770178,
          46270412,
          46270413,
          46270416,
          46270417,
          46270418,
          46270419,
          46270420,
          46270421,
          46270422,
          46270423,
          46270424,
          46270425,
          46270426,
          46270427,
          46270428,
          46270429,
          46270430,
          46270431,
          46270432,
          46270435,
          46270436,
          46270437,
          46270438,
          46270439,
          46270440,
          46270441,
          46270442,
          46270443,
          46270444,
          46270445,
          46270446,
          46270447,
          46270448,
          46270449,
          46270450,
          46270451,
          46270452,
          46270453,
          46270454,
          46270455,
          46270456,
          46270457,
          46270458,
          46270459,
          46270460,
          46270461,
          46270464,
          46270465,
          46270466,
          46270467,
          46270468,
          46270470,
          46270471,
          46270472,
          46270473,
          46270474,
          46270475,
          46272380,
          46272381,
          46273507,
          46273508,
          46273523,
          46273541,
          46273638,
          46273639,
          46273641,
          46273648,
          46273653,
          46273655
        ],
        "ConditionGroupEraMediumTerm": false,
        "DrugExposureMediumTerm": true,
        "DistinctProcedureCountLongTerm": false,
        "DrugEraAnyTimePrior": false,
        "endDays": 0,
        "ConditionOccurrenceShortTerm": true
      },
      "studyStartDate": null,
      "washoutPeriod": 365,
      "firstExposureOnly": false,
      "attr_class": "args",
      "studyEndDate": null
    },
    "trimByPs": false,
    "createStudyPopArgs": {
      "restrictToCommonPeriod": false,
      "removeDuplicateSubjects": "keep all",
      "minDaysAtRisk": 1,
      "addExposureDaysToStart": false,
      "riskWindowStart": 0,
      "washoutPeriod": 0,
      "attr_class": "args",
      "censorAtNewRiskWindow": false,
      "addExposureDaysToEnd": true,
      "priorOutcomeLookback": 99999,
      "removeSubjectsWithPriorOutcome": true,
      "riskWindowEnd": 0,
      "firstExposureOnly": false
    },
    "description": "Propensity score stratification: 10 strata",
    "trimByPsArgs": {
      "trimFraction": 0.05,
      "attr_class": "args"
    },
    "targetType": null,
    "attr_class": "cmAnalysis",
    "stratifyByPs": true,
    "stratifyByPsAndCovariates": false,
    "matchOnPsAndCovariatesArgs": {
      "caliper": 0.2,
      "caliperScale": "standardized logit",
      "maxRatio": 1,
      "covariateIds": [],
      "attr_class": "args"
    },
    "trimByPsToEquipoise": false,
    "matchOnPs": false,
    "stratifyByPsAndCovariatesArgs": {
      "baseSelection": "all",
      "covariateIds": [],
      "numberOfStrata": 5,
      "attr_class": "args"
    },
    "matchOnPsArgs": {
      "caliper": 0.2,
      "caliperScale": "standardized logit",
      "maxRatio": 1,
      "attr_class": "args",
      "stratificationColumns": []
    },
    "stratifyByPsArgs": {
      "baseSelection": "all",
      "numberOfStrata": 10,
      "attr_class": "args",
      "stratificationColumns": []
    },
    "matchOnPsAndCovariates": false,
    "analysisId": 3,
    "createPsArgs": {
      "stopOnError": true,
      "excludeCovariateIds": [],
      "prior": {
        "variance": [1],
        "useCrossValidation": true,
        "priorType": "laplace",
        "exclude": [0],
        "neighborhood": null,
        "attr_class": "cyclopsPrior",
        "forceIntercept": false,
        "graph": null
      },
      "errorOnHighCorrelation": true,
      "control": {
        "maxIterations": 1000,
        "autoSearch": true,
        "seed": null,
        "initialBound": 2,
        "gridSteps": 10,
        "threads": 1,
        "startingVariance": 0.01,
        "useKKTSwindle": false,
        "lowerLimit": 0.01,
        "attr_class": "cyclopsControl",
        "cvRepetitions": 10,
        "noiseLevel": "silent",
        "fold": 10,
        "minCVData": 100,
        "resetCoefficients": false,
        "upperLimit": 20,
        "cvType": "auto",
        "selectorType": "auto",
        "convergenceType": "gradient",
        "tuneSwindle": 10,
        "maxBoundCount": 5,
        "tolerance": 2.0E-7,
        "algorithm": "ccd"
      },
      "attr_class": "args",
      "includeCovariateIds": [],
      "maxCohortSizeForFitting": 250000
    },
    "trimByPsToEquipoiseArgs": {
      "bounds": [
        0.25,
        0.75
      ],
      "attr_class": "args"
    },
    "fitOutcomeModelArgs": {
      "excludeCovariateIds": [],
      "useCovariates": false,
      "prior": {
        "variance": [1],
        "useCrossValidation": true,
        "priorType": "laplace",
        "exclude": [0],
        "neighborhood": null,
        "attr_class": "cyclopsPrior",
        "forceIntercept": false,
        "graph": null
      },
      "inversePtWeighting": false,
      "control": {
        "maxIterations": 1000,
        "autoSearch": true,
        "seed": null,
        "initialBound": 2,
        "gridSteps": 10,
        "threads": 1,
        "startingVariance": 0.01,
        "useKKTSwindle": false,
        "lowerLimit": 0.01,
        "attr_class": "cyclopsControl",
        "cvRepetitions": 10,
        "noiseLevel": "quiet",
        "fold": 10,
        "minCVData": 100,
        "resetCoefficients": false,
        "upperLimit": 20,
        "cvType": "auto",
        "selectorType": "auto",
        "convergenceType": "gradient",
        "tuneSwindle": 10,
        "maxBoundCount": 5,
        "tolerance": 2.0E-7,
        "algorithm": "ccd"
      },
      "modelType": "cox",
      "stratified": true,
      "attr_class": "args",
      "interactionCovariateIds": [],
      "includeCovariateIds": []
    },
    "createPs": true
  },
  {
    "comparatorType": null,
    "fitOutcomeModel": true,
    "getDbCohortMethodDataArgs": {
      "restrictToCommonPeriod": false,
      "removeDuplicateSubjects": "remove all",
      "maxCohortSize": 0,
      "excludeDrugsFromCovariates": false,
      "covariateSettings": {
        "VisitCountMediumTerm": false,
        "ObservationShortTerm": true,
        "shortTermStartDays": -30,
        "MeasurementRangeGroupShortTerm": false,
        "ConditionOccurrenceLongTerm": true,
        "DrugEraStartLongTerm": false,
        "VisitCountShortTerm": false,
        "Chads2Vasc": false,
        "ConditionGroupEraStartLongTerm": false,
        "ConditionEraShortTerm": false,
        "Dcsi": false,
        "DrugGroupEraLongTerm": true,
        "DrugGroupEraShortTerm": true,
        "ConditionEraStartLongTerm": false,
        "temporal": false,
        "DemographicsIndexMonth": true,
        "ConditionOccurrencePrimaryInpatientLongTerm": false,
        "ConditionEraAnyTimePrior": false,
        "addDescendantsToInclude": false,
        "ConditionGroupEraStartMediumTerm": false,
        "ProcedureOccurrenceLongTerm": true,
        "DrugExposureLongTerm": false,
        "DrugEraStartShortTerm": false,
        "DistinctIngredientCountMediumTerm": false,
        "DistinctMeasurementCountShortTerm": false,
        "MeasurementRangeGroupLongTerm": true,
        "ConditionGroupEraOverlapping": false,
        "attr_fun": "getDbDefaultCovariateData",
        "MeasurementRangeGroupMediumTerm": false,
        "DrugGroupEraStartMediumTerm": false,
        "MeasurementAnyTimePrior": false,
        "MeasurementMediumTerm": false,
        "includedCovariateIds": [],
        "ConditionOccurrenceAnyTimePrior": false,
        "DistinctConditionCountLongTerm": false,
        "MeasurementValueLongTerm": false,
        "DrugEraShortTerm": false,
        "DrugGroupEraAnyTimePrior": true,
        "DrugEraOverlapping": false,
        "ConditionOccurrencePrimaryInpatientAnyTimePrior": false,
        "ConditionEraMediumTerm": false,
        "ConditionEraOverlapping": false,
        "ConditionEraStartShortTerm": false,
        "ObservationAnyTimePrior": false,
        "VisitConceptCountShortTerm": false,
        "DemographicsEthnicity": false,
        "DistinctIngredientCountLongTerm": false,
        "ConditionOccurrencePrimaryInpatientShortTerm": true,
        "DemographicsAgeGroup": true,
        "DistinctProcedureCountShortTerm": false,
        "DistinctObservationCountMediumTerm": false,
        "includedCovariateConceptIds": [],
        "DrugGroupEraStartShortTerm": false,
        "addDescendantsToExclude": true,
        "DrugEraLongTerm": false,
        "DistinctConditionCountShortTerm": false,
        "ConditionGroupEraShortTerm": true,
        "ConditionEraStartMediumTerm": false,
        "VisitCountLongTerm": true,
        "DemographicsRace": false,
        "ProcedureOccurrenceAnyTimePrior": false,
        "DistinctObservationCountLongTerm": false,
        "attr_class": "covariateSettings",
        "ProcedureOccurrenceMediumTerm": false,
        "CharlsonIndex": true,
        "DemographicsPriorObservationTime": false,
        "MeasurementShortTerm": true,
        "DistinctProcedureCountMediumTerm": false,
        "ConditionEraLongTerm": false,
        "DrugGroupEraStartLongTerm": false,
        "DemographicsGender": true,
        "DeviceExposureAnyTimePrior": false,
        "ObservationLongTerm": true,
        "DemographicsIndexYearMonth": false,
        "ConditionOccurrenceMediumTerm": true,
        "longTermStartDays": -365,
        "DemographicsAge": false,
        "DrugGroupEraOverlapping": true,
        "DistinctMeasurementCountLongTerm": false,
        "MeasurementRangeGroupAnyTimePrior": false,
        "DistinctConditionCountMediumTerm": false,
        "DrugGroupEraMediumTerm": false,
        "ProcedureOccurrenceShortTerm": true,
        "ObservationMediumTerm": false,
        "ConditionGroupEraAnyTimePrior": true,
        "Chads2": false,
        "DrugExposureAnyTimePrior": false,
        "DeviceExposureLongTerm": true,
        "DemographicsTimeInCohort": false,
        "DistinctMeasurementCountMediumTerm": false,
        "MeasurementValueShortTerm": false,
        "DeviceExposureMediumTerm": false,
        "ConditionGroupEraStartShortTerm": false,
        "ConditionOccurrencePrimaryInpatientMediumTerm": false,
        "MeasurementLongTerm": true,
        "DemographicsIndexYear": true,
        "MeasurementValueMediumTerm": false,
        "DrugEraStartMediumTerm": false,
        "MeasurementValueAnyTimePrior": false,
        "DistinctObservationCountShortTerm": false,
        "DrugEraMediumTerm": false,
        "ConditionGroupEraLongTerm": true,
        "DrugExposureShortTerm": true,
        "DistinctIngredientCountShortTerm": false,
        "DeviceExposureShortTerm": true,
        "mediumTermStartDays": -180,
        "DemographicsPostObservationTime": false,
        "VisitConceptCountLongTerm": false,
        "VisitConceptCountMediumTerm": false,
        "excludedCovariateConceptIds": [
          74892,
          376955,
          440674,
          762219,
          4035436,
          4035437,
          4035438,
          4035751,
          4035752,
          4039287,
          4079745,
          4083344,
          4084229,
          4096347,
          4099013,
          4101425,
          4104957,
          4104958,
          4104959,
          4114911,
          4114912,
          4116007,
          4116008,
          4116009,
          4153103,
          4154437,
          4179065,
          4182267,
          4188214,
          4247334,
          4250767,
          4281849,
          4285308,
          4297662,
          4299408,
          35615129,
          35615130,
          36674930,
          36684526,
          36684527,
          36684528,
          36684529,
          36684530,
          36684531,
          36684532,
          36684533,
          36684534,
          36684535,
          36685026,
          36685027,
          36714445,
          36715572,
          37108592,
          37108594,
          37209406,
          37209407,
          37209408,
          37209463,
          37394509,
          42534842,
          42534843,
          42535119,
          42535120,
          42535121,
          42535122,
          42535127,
          42535133,
          42535203,
          42535204,
          42535205,
          42535206,
          42539209,
          42539261,
          42539266,
          42539288,
          44783578,
          45770178,
          46270412,
          46270413,
          46270416,
          46270417,
          46270418,
          46270419,
          46270420,
          46270421,
          46270422,
          46270423,
          46270424,
          46270425,
          46270426,
          46270427,
          46270428,
          46270429,
          46270430,
          46270431,
          46270432,
          46270435,
          46270436,
          46270437,
          46270438,
          46270439,
          46270440,
          46270441,
          46270442,
          46270443,
          46270444,
          46270445,
          46270446,
          46270447,
          46270448,
          46270449,
          46270450,
          46270451,
          46270452,
          46270453,
          46270454,
          46270455,
          46270456,
          46270457,
          46270458,
          46270459,
          46270460,
          46270461,
          46270464,
          46270465,
          46270466,
          46270467,
          46270468,
          46270470,
          46270471,
          46270472,
          46270473,
          46270474,
          46270475,
          46272380,
          46272381,
          46273507,
          46273508,
          46273523,
          46273541,
          46273638,
          46273639,
          46273641,
          46273648,
          46273653,
          46273655
        ],
        "ConditionGroupEraMediumTerm": false,
        "DrugExposureMediumTerm": true,
        "DistinctProcedureCountLongTerm": false,
        "DrugEraAnyTimePrior": false,
        "endDays": 0,
        "ConditionOccurrenceShortTerm": true
      },
      "studyStartDate": null,
      "washoutPeriod": 365,
      "firstExposureOnly": false,
      "attr_class": "args",
      "studyEndDate": null
    },
    "trimByPs": false,
    "createStudyPopArgs": {
      "restrictToCommonPeriod": false,
      "removeDuplicateSubjects": "keep all",
      "minDaysAtRisk": 1,
      "addExposureDaysToStart": false,
      "riskWindowStart": 0,
      "washoutPeriod": 0,
      "attr_class": "args",
      "censorAtNewRiskWindow": false,
      "addExposureDaysToEnd": false,
      "priorOutcomeLookback": 99999,
      "removeSubjectsWithPriorOutcome": true,
      "riskWindowEnd": 90,
      "firstExposureOnly": false
    },
    "description": "Propensity score matching: 1:1",
    "trimByPsArgs": {
      "trimFraction": 0.05,
      "attr_class": "args"
    },
    "targetType": null,
    "attr_class": "cmAnalysis",
    "stratifyByPs": false,
    "stratifyByPsAndCovariates": false,
    "matchOnPsAndCovariatesArgs": {
      "caliper": 0.2,
      "caliperScale": "standardized logit",
      "maxRatio": 1,
      "covariateIds": [],
      "attr_class": "args"
    },
    "trimByPsToEquipoise": false,
    "matchOnPs": true,
    "stratifyByPsAndCovariatesArgs": {
      "baseSelection": "all",
      "covariateIds": [],
      "numberOfStrata": 5,
      "attr_class": "args"
    },
    "matchOnPsArgs": {
      "caliper": 0.2,
      "caliperScale": "standardized logit",
      "maxRatio": 1,
      "attr_class": "args",
      "stratificationColumns": []
    },
    "stratifyByPsArgs": {
      "baseSelection": "all",
      "numberOfStrata": 5,
      "attr_class": "args",
      "stratificationColumns": []
    },
    "matchOnPsAndCovariates": false,
    "analysisId": 4,
    "createPsArgs": {
      "stopOnError": true,
      "excludeCovariateIds": [],
      "prior": {
        "variance": [1],
        "useCrossValidation": true,
        "priorType": "laplace",
        "exclude": [0],
        "neighborhood": null,
        "attr_class": "cyclopsPrior",
        "forceIntercept": false,
        "graph": null
      },
      "errorOnHighCorrelation": true,
      "control": {
        "maxIterations": 1000,
        "autoSearch": true,
        "seed": null,
        "initialBound": 2,
        "gridSteps": 10,
        "threads": 1,
        "startingVariance": 0.01,
        "useKKTSwindle": false,
        "lowerLimit": 0.01,
        "attr_class": "cyclopsControl",
        "cvRepetitions": 10,
        "noiseLevel": "silent",
        "fold": 10,
        "minCVData": 100,
        "resetCoefficients": false,
        "upperLimit": 20,
        "cvType": "auto",
        "selectorType": "auto",
        "convergenceType": "gradient",
        "tuneSwindle": 10,
        "maxBoundCount": 5,
        "tolerance": 2.0E-7,
        "algorithm": "ccd"
      },
      "attr_class": "args",
      "includeCovariateIds": [],
      "maxCohortSizeForFitting": 250000
    },
    "trimByPsToEquipoiseArgs": {
      "bounds": [
        0.25,
        0.75
      ],
      "attr_class": "args"
    },
    "fitOutcomeModelArgs": {
      "excludeCovariateIds": [],
      "useCovariates": false,
      "prior": {
        "variance": [1],
        "useCrossValidation": true,
        "priorType": "laplace",
        "exclude": [0],
        "neighborhood": null,
        "attr_class": "cyclopsPrior",
        "forceIntercept": false,
        "graph": null
      },
      "inversePtWeighting": false,
      "control": {
        "maxIterations": 1000,
        "autoSearch": true,
        "seed": null,
        "initialBound": 2,
        "gridSteps": 10,
        "threads": 1,
        "startingVariance": 0.01,
        "useKKTSwindle": false,
        "lowerLimit": 0.01,
        "attr_class": "cyclopsControl",
        "cvRepetitions": 10,
        "noiseLevel": "quiet",
        "fold": 10,
        "minCVData": 100,
        "resetCoefficients": false,
        "upperLimit": 20,
        "cvType": "auto",
        "selectorType": "auto",
        "convergenceType": "gradient",
        "tuneSwindle": 10,
        "maxBoundCount": 5,
        "tolerance": 2.0E-7,
        "algorithm": "ccd"
      },
      "modelType": "cox",
      "stratified": true,
      "attr_class": "args",
      "interactionCovariateIds": [],
      "includeCovariateIds": []
    },
    "createPs": true
  },
  {
    "comparatorType": null,
    "fitOutcomeModel": true,
    "getDbCohortMethodDataArgs": {
      "restrictToCommonPeriod": false,
      "removeDuplicateSubjects": "remove all",
      "maxCohortSize": 0,
      "excludeDrugsFromCovariates": false,
      "covariateSettings": {
        "VisitCountMediumTerm": false,
        "ObservationShortTerm": true,
        "shortTermStartDays": -30,
        "MeasurementRangeGroupShortTerm": false,
        "ConditionOccurrenceLongTerm": true,
        "DrugEraStartLongTerm": false,
        "VisitCountShortTerm": false,
        "Chads2Vasc": false,
        "ConditionGroupEraStartLongTerm": false,
        "ConditionEraShortTerm": false,
        "Dcsi": false,
        "DrugGroupEraLongTerm": true,
        "DrugGroupEraShortTerm": true,
        "ConditionEraStartLongTerm": false,
        "temporal": false,
        "DemographicsIndexMonth": true,
        "ConditionOccurrencePrimaryInpatientLongTerm": false,
        "ConditionEraAnyTimePrior": false,
        "addDescendantsToInclude": false,
        "ConditionGroupEraStartMediumTerm": false,
        "ProcedureOccurrenceLongTerm": true,
        "DrugExposureLongTerm": false,
        "DrugEraStartShortTerm": false,
        "DistinctIngredientCountMediumTerm": false,
        "DistinctMeasurementCountShortTerm": false,
        "MeasurementRangeGroupLongTerm": true,
        "ConditionGroupEraOverlapping": false,
        "attr_fun": "getDbDefaultCovariateData",
        "MeasurementRangeGroupMediumTerm": false,
        "DrugGroupEraStartMediumTerm": false,
        "MeasurementAnyTimePrior": false,
        "MeasurementMediumTerm": false,
        "includedCovariateIds": [],
        "ConditionOccurrenceAnyTimePrior": false,
        "DistinctConditionCountLongTerm": false,
        "MeasurementValueLongTerm": false,
        "DrugEraShortTerm": false,
        "DrugGroupEraAnyTimePrior": true,
        "DrugEraOverlapping": false,
        "ConditionOccurrencePrimaryInpatientAnyTimePrior": false,
        "ConditionEraMediumTerm": false,
        "ConditionEraOverlapping": false,
        "ConditionEraStartShortTerm": false,
        "ObservationAnyTimePrior": false,
        "VisitConceptCountShortTerm": false,
        "DemographicsEthnicity": false,
        "DistinctIngredientCountLongTerm": false,
        "ConditionOccurrencePrimaryInpatientShortTerm": true,
        "DemographicsAgeGroup": true,
        "DistinctProcedureCountShortTerm": false,
        "DistinctObservationCountMediumTerm": false,
        "includedCovariateConceptIds": [],
        "DrugGroupEraStartShortTerm": false,
        "addDescendantsToExclude": true,
        "DrugEraLongTerm": false,
        "DistinctConditionCountShortTerm": false,
        "ConditionGroupEraShortTerm": true,
        "ConditionEraStartMediumTerm": false,
        "VisitCountLongTerm": true,
        "DemographicsRace": false,
        "ProcedureOccurrenceAnyTimePrior": false,
        "DistinctObservationCountLongTerm": false,
        "attr_class": "covariateSettings",
        "ProcedureOccurrenceMediumTerm": false,
        "CharlsonIndex": true,
        "DemographicsPriorObservationTime": false,
        "MeasurementShortTerm": true,
        "DistinctProcedureCountMediumTerm": false,
        "ConditionEraLongTerm": false,
        "DrugGroupEraStartLongTerm": false,
        "DemographicsGender": true,
        "DeviceExposureAnyTimePrior": false,
        "ObservationLongTerm": true,
        "DemographicsIndexYearMonth": false,
        "ConditionOccurrenceMediumTerm": true,
        "longTermStartDays": -365,
        "DemographicsAge": false,
        "DrugGroupEraOverlapping": true,
        "DistinctMeasurementCountLongTerm": false,
        "MeasurementRangeGroupAnyTimePrior": false,
        "DistinctConditionCountMediumTerm": false,
        "DrugGroupEraMediumTerm": false,
        "ProcedureOccurrenceShortTerm": true,
        "ObservationMediumTerm": false,
        "ConditionGroupEraAnyTimePrior": true,
        "Chads2": false,
        "DrugExposureAnyTimePrior": false,
        "DeviceExposureLongTerm": true,
        "DemographicsTimeInCohort": false,
        "DistinctMeasurementCountMediumTerm": false,
        "MeasurementValueShortTerm": false,
        "DeviceExposureMediumTerm": false,
        "ConditionGroupEraStartShortTerm": false,
        "ConditionOccurrencePrimaryInpatientMediumTerm": false,
        "MeasurementLongTerm": true,
        "DemographicsIndexYear": true,
        "MeasurementValueMediumTerm": false,
        "DrugEraStartMediumTerm": false,
        "MeasurementValueAnyTimePrior": false,
        "DistinctObservationCountShortTerm": false,
        "DrugEraMediumTerm": false,
        "ConditionGroupEraLongTerm": true,
        "DrugExposureShortTerm": true,
        "DistinctIngredientCountShortTerm": false,
        "DeviceExposureShortTerm": true,
        "mediumTermStartDays": -180,
        "DemographicsPostObservationTime": false,
        "VisitConceptCountLongTerm": false,
        "VisitConceptCountMediumTerm": false,
        "excludedCovariateConceptIds": [
          74892,
          376955,
          440674,
          762219,
          4035436,
          4035437,
          4035438,
          4035751,
          4035752,
          4039287,
          4079745,
          4083344,
          4084229,
          4096347,
          4099013,
          4101425,
          4104957,
          4104958,
          4104959,
          4114911,
          4114912,
          4116007,
          4116008,
          4116009,
          4153103,
          4154437,
          4179065,
          4182267,
          4188214,
          4247334,
          4250767,
          4281849,
          4285308,
          4297662,
          4299408,
          35615129,
          35615130,
          36674930,
          36684526,
          36684527,
          36684528,
          36684529,
          36684530,
          36684531,
          36684532,
          36684533,
          36684534,
          36684535,
          36685026,
          36685027,
          36714445,
          36715572,
          37108592,
          37108594,
          37209406,
          37209407,
          37209408,
          37209463,
          37394509,
          42534842,
          42534843,
          42535119,
          42535120,
          42535121,
          42535122,
          42535127,
          42535133,
          42535203,
          42535204,
          42535205,
          42535206,
          42539209,
          42539261,
          42539266,
          42539288,
          44783578,
          45770178,
          46270412,
          46270413,
          46270416,
          46270417,
          46270418,
          46270419,
          46270420,
          46270421,
          46270422,
          46270423,
          46270424,
          46270425,
          46270426,
          46270427,
          46270428,
          46270429,
          46270430,
          46270431,
          46270432,
          46270435,
          46270436,
          46270437,
          46270438,
          46270439,
          46270440,
          46270441,
          46270442,
          46270443,
          46270444,
          46270445,
          46270446,
          46270447,
          46270448,
          46270449,
          46270450,
          46270451,
          46270452,
          46270453,
          46270454,
          46270455,
          46270456,
          46270457,
          46270458,
          46270459,
          46270460,
          46270461,
          46270464,
          46270465,
          46270466,
          46270467,
          46270468,
          46270470,
          46270471,
          46270472,
          46270473,
          46270474,
          46270475,
          46272380,
          46272381,
          46273507,
          46273508,
          46273523,
          46273541,
          46273638,
          46273639,
          46273641,
          46273648,
          46273653,
          46273655
        ],
        "ConditionGroupEraMediumTerm": false,
        "DrugExposureMediumTerm": true,
        "DistinctProcedureCountLongTerm": false,
        "DrugEraAnyTimePrior": false,
        "endDays": 0,
        "ConditionOccurrenceShortTerm": true
      },
      "studyStartDate": null,
      "washoutPeriod": 365,
      "firstExposureOnly": false,
      "attr_class": "args",
      "studyEndDate": null
    },
    "trimByPs": false,
    "createStudyPopArgs": {
      "restrictToCommonPeriod": false,
      "removeDuplicateSubjects": "keep all",
      "minDaysAtRisk": 1,
      "addExposureDaysToStart": false,
      "riskWindowStart": 0,
      "washoutPeriod": 0,
      "attr_class": "args",
      "censorAtNewRiskWindow": false,
      "addExposureDaysToEnd": true,
      "priorOutcomeLookback": 99999,
      "removeSubjectsWithPriorOutcome": true,
      "riskWindowEnd": 0,
      "firstExposureOnly": false
    },
    "description": "without propensity score matching",
    "trimByPsArgs": {
      "trimFraction": 0.05,
      "attr_class": "args"
    },
    "targetType": null,
    "attr_class": "cmAnalysis",
    "stratifyByPs": false,
    "stratifyByPsAndCovariates": false,
    "matchOnPsAndCovariatesArgs": {
      "caliper": 0.2,
      "caliperScale": "standardized logit",
      "maxRatio": 1,
      "covariateIds": [],
      "attr_class": "args"
    },
    "trimByPsToEquipoise": false,
    "matchOnPs": false,
    "stratifyByPsAndCovariatesArgs": {
      "baseSelection": "all",
      "covariateIds": [],
      "numberOfStrata": 5,
      "attr_class": "args"
    },
    "matchOnPsArgs": {
      "caliper": 0.2,
      "caliperScale": "standardized logit",
      "maxRatio": 1,
      "attr_class": "args",
      "stratificationColumns": []
    },
    "stratifyByPsArgs": {
      "baseSelection": "all",
      "numberOfStrata": 5,
      "attr_class": "args",
      "stratificationColumns": []
    },
    "matchOnPsAndCovariates": false,
    "analysisId": 5,
    "createPsArgs": {
      "stopOnError": true,
      "excludeCovariateIds": [],
      "prior": {
        "variance": [1],
        "useCrossValidation": true,
        "priorType": "laplace",
        "exclude": [0],
        "neighborhood": null,
        "attr_class": "cyclopsPrior",
        "forceIntercept": false,
        "graph": null
      },
      "errorOnHighCorrelation": true,
      "control": {
        "maxIterations": 1000,
        "autoSearch": true,
        "seed": null,
        "initialBound": 2,
        "gridSteps": 10,
        "threads": 1,
        "startingVariance": 0.01,
        "useKKTSwindle": false,
        "lowerLimit": 0.01,
        "attr_class": "cyclopsControl",
        "cvRepetitions": 10,
        "noiseLevel": "silent",
        "fold": 10,
        "minCVData": 100,
        "resetCoefficients": false,
        "upperLimit": 20,
        "cvType": "auto",
        "selectorType": "auto",
        "convergenceType": "gradient",
        "tuneSwindle": 10,
        "maxBoundCount": 5,
        "tolerance": 2.0E-7,
        "algorithm": "ccd"
      },
      "attr_class": "args",
      "includeCovariateIds": [],
      "maxCohortSizeForFitting": 250000
    },
    "trimByPsToEquipoiseArgs": {
      "bounds": [
        0.25,
        0.75
      ],
      "attr_class": "args"
    },
    "fitOutcomeModelArgs": {
      "excludeCovariateIds": [],
      "useCovariates": false,
      "prior": {
        "variance": [1],
        "useCrossValidation": true,
        "priorType": "laplace",
        "exclude": [0],
        "neighborhood": null,
        "attr_class": "cyclopsPrior",
        "forceIntercept": false,
        "graph": null
      },
      "inversePtWeighting": false,
      "control": {
        "maxIterations": 1000,
        "autoSearch": true,
        "seed": null,
        "initialBound": 2,
        "gridSteps": 10,
        "threads": 1,
        "startingVariance": 0.01,
        "useKKTSwindle": false,
        "lowerLimit": 0.01,
        "attr_class": "cyclopsControl",
        "cvRepetitions": 10,
        "noiseLevel": "quiet",
        "fold": 10,
        "minCVData": 100,
        "resetCoefficients": false,
        "upperLimit": 20,
        "cvType": "auto",
        "selectorType": "auto",
        "convergenceType": "gradient",
        "tuneSwindle": 10,
        "maxBoundCount": 5,
        "tolerance": 2.0E-7,
        "algorithm": "ccd"
      },
      "modelType": "poisson",
      "stratified": false,
      "attr_class": "args",
      "interactionCovariateIds": [],
      "includeCovariateIds": []
    },
    "createPs": false
  }
]