targetId,comparatorId,outcomeId,outcomeName,type
713,714,134118,Atrophic condition of skin,outcome
713,714,381581,Chalazion,outcome
713,714,133228,Dental caries,outcome
713,714,139099,Ingrowing nail,outcome
713,714,444130,Injury of foot,outcome
713,714,134222,Injury of forearm,outcome
713,714,42537251,Polyp of nasal cavity and/or nasal sinus,outcome
713,714,4285898,Polyp of colon,outcome
713,714,133141,Tinea pedis,outcome
713,714,195562,Hemorrhoids,outcome
713,714,4134318,Fractured nasal bones,outcome
713,714,193522,Acute prostatitis,outcome
713,714,4293479,Burn of head AND/OR neck,outcome
713,714,201618,Disorder of intestine,outcome
713,714,196738,Disorder of male genital organ,outcome
713,714,432612,Mild intellectual disability,outcome
713,714,436675,Anorexia nervosa,outcome
713,714,379019,Conjunctivitis,outcome
713,714,374366,Sensorineural hearing loss,outcome
713,714,4288544,Inguinal hernia,outcome
713,714,435784,Somatoform disorder,outcome
713,714,141095,Acne,outcome
713,714,74855,Genital herpes simplex,outcome
713,714,436665,Bipolar disorder,outcome
713,714,197672,Urinary incontinence,outcome
