atlasId,atlasName,cohortId,name
764,(4)[PSB]-DCM with COVID19_F70,764,4PSBDCM_with_COVID19_F70
762,(4)[PSB]-DCM without COVID19_F70,762,4PSBDCM_without_COVID19_F70
759,(2)[PSB]- strong medication or surgery,759,2PSB_strong_medication_or_surgery
760,(4)[PSB]-DCM with COVID19_M70,760,4PSBDCM_with_COVID19_M70
761,(4)[PSB]-DCM without COVID19_M70,761,4PSBDCM_without_COVID19_M70
758,(4)[PSB]-DCM without COVID19_70,758,4PSBDCM_without_COVID19_70
757,(4)[PSB]-DCM with COVID19 70,757,4PSBDCM_with_COVID19_70
