targetId,comparatorId,outcomeId,outcomeName,type
764,762,434165,Abnormal cervical smear,outcome
764,762,436409,Abnormal pupil,outcome
764,762,199192,Abrasion and/or friction burn of trunk without infection,outcome
764,762,4088290,Absence of breast,outcome
764,762,4092879,Absent kidney,outcome
764,762,44783954,Acid reflux,outcome
764,762,75911,Acquired hallux valgus,outcome
764,762,137951,Acquired keratoderma,outcome
764,762,77965,Acquired trigger finger,outcome
764,762,376707,Acute conjunctivitis,outcome
764,762,4103640,Amputated foot,outcome
764,762,73241,Anal and rectal polyp,outcome
764,762,133655,Burn of forearm,outcome
764,762,73560,Calcaneal spur,outcome
764,762,434327,Cannabis abuse,outcome
764,762,4213540,Cervical somatic dysfunction,outcome
764,762,140842,Changes in skin texture,outcome
764,762,81378,Chondromalacia of patella,outcome
764,762,432303,Cocaine abuse,outcome
764,762,4201390,Colostomy present,outcome
764,762,46269889,Complication due to Crohn's disease,outcome
764,762,134438,Contact dermatitis,outcome
764,762,78619,Contusion of knee,outcome
764,762,201606,Crohn's disease,outcome
764,762,76786,Derangement of knee,outcome
764,762,4115402,Difficulty sleeping,outcome
764,762,45757370,Disproportion of reconstructed breast,outcome
764,762,433111,Effects of hunger,outcome
764,762,433527,Endometriosis (clinical),outcome
764,762,4170770,Epidermoid cyst,outcome
764,762,4092896,Feces contents abnormal,outcome
764,762,259995,Foreign body in orifice,outcome
764,762,40481632,Ganglion cyst,outcome
764,762,4166231,Genetic predisposition,outcome
764,762,433577,Hammer toe,outcome
764,762,4231770,Hereditary thrombophilia,outcome
764,762,440329,Herpes zoster without complication,outcome
764,762,4012570,High risk sexual behavior,outcome
764,762,4012934,Homocystinuria,outcome
764,762,441788,Human papilloma virus infection,outcome
764,762,4201717,Ileostomy present,outcome
764,762,374375,Impacted cerumen,outcome
764,762,4344500,Impingement syndrome of shoulder region,outcome
764,762,139099,Ingrowing nail,outcome
764,762,444132,Injury of knee,outcome
764,762,196168,Irregular periods,outcome
764,762,432593,Kwashiorkor,outcome
764,762,434203,Late effect of contusion,outcome
764,762,438329,Late effect of motor vehicle accident,outcome
764,762,195873,Leukorrhea,outcome
764,762,4083487,Macular drusen,outcome
764,762,4103703,Melena,outcome
764,762,4209423,Nicotine dependence,outcome
764,762,377572,Noise effects on inner ear,outcome
764,762,136368,Non-toxic multinodular goiter,outcome
764,762,40480893,Nonspecific tuberculin test reaction,outcome
764,762,140648,Onychomycosis due to dermatophyte,outcome
764,762,438130,Opioid abuse,outcome
764,762,4091513,Passing flatus,outcome
764,762,4202045,Postviral fatigue syndrome,outcome
764,762,373478,Presbyopia,outcome
764,762,46286594,Problem related to lifestyle,outcome
764,762,439790,Psychalgia,outcome
764,762,81634,Ptotic breast,outcome
764,762,380706,Regular astigmatism,outcome
764,762,141932,Senile hyperkeratosis,outcome
764,762,36713918,Somatic dysfunction of lumbar region,outcome
764,762,443172,"Splinter of face, without major open wound",outcome
764,762,81151,Sprain of ankle,outcome
764,762,72748,Strain of rotator cuff capsule,outcome
764,762,378427,Tear film insufficiency,outcome
764,762,437264,Tobacco dependence syndrome,outcome
764,762,140641,Verruca vulgaris,outcome
764,762,4180978,Vulvovaginitis,outcome
764,762,4115367,Wrist joint pain,outcome
764,762,440193,Wristdrop,outcome
760,761,434165,Abnormal cervical smear,outcome
760,761,436409,Abnormal pupil,outcome
760,761,199192,Abrasion and/or friction burn of trunk without infection,outcome
760,761,4088290,Absence of breast,outcome
760,761,4092879,Absent kidney,outcome
760,761,44783954,Acid reflux,outcome
760,761,75911,Acquired hallux valgus,outcome
760,761,137951,Acquired keratoderma,outcome
760,761,77965,Acquired trigger finger,outcome
760,761,376707,Acute conjunctivitis,outcome
760,761,4103640,Amputated foot,outcome
760,761,73241,Anal and rectal polyp,outcome
760,761,133655,Burn of forearm,outcome
760,761,73560,Calcaneal spur,outcome
760,761,434327,Cannabis abuse,outcome
760,761,4213540,Cervical somatic dysfunction,outcome
760,761,140842,Changes in skin texture,outcome
760,761,81378,Chondromalacia of patella,outcome
760,761,432303,Cocaine abuse,outcome
760,761,4201390,Colostomy present,outcome
760,761,46269889,Complication due to Crohn's disease,outcome
760,761,134438,Contact dermatitis,outcome
760,761,78619,Contusion of knee,outcome
760,761,201606,Crohn's disease,outcome
760,761,76786,Derangement of knee,outcome
760,761,4115402,Difficulty sleeping,outcome
760,761,45757370,Disproportion of reconstructed breast,outcome
760,761,433111,Effects of hunger,outcome
760,761,433527,Endometriosis (clinical),outcome
760,761,4170770,Epidermoid cyst,outcome
760,761,4092896,Feces contents abnormal,outcome
760,761,259995,Foreign body in orifice,outcome
760,761,40481632,Ganglion cyst,outcome
760,761,4166231,Genetic predisposition,outcome
760,761,433577,Hammer toe,outcome
760,761,4231770,Hereditary thrombophilia,outcome
760,761,440329,Herpes zoster without complication,outcome
760,761,4012570,High risk sexual behavior,outcome
760,761,4012934,Homocystinuria,outcome
760,761,441788,Human papilloma virus infection,outcome
760,761,4201717,Ileostomy present,outcome
760,761,374375,Impacted cerumen,outcome
760,761,4344500,Impingement syndrome of shoulder region,outcome
760,761,139099,Ingrowing nail,outcome
760,761,444132,Injury of knee,outcome
760,761,196168,Irregular periods,outcome
760,761,432593,Kwashiorkor,outcome
760,761,434203,Late effect of contusion,outcome
760,761,438329,Late effect of motor vehicle accident,outcome
760,761,195873,Leukorrhea,outcome
760,761,4083487,Macular drusen,outcome
760,761,4103703,Melena,outcome
760,761,4209423,Nicotine dependence,outcome
760,761,377572,Noise effects on inner ear,outcome
760,761,136368,Non-toxic multinodular goiter,outcome
760,761,40480893,Nonspecific tuberculin test reaction,outcome
760,761,140648,Onychomycosis due to dermatophyte,outcome
760,761,438130,Opioid abuse,outcome
760,761,4091513,Passing flatus,outcome
760,761,4202045,Postviral fatigue syndrome,outcome
760,761,373478,Presbyopia,outcome
760,761,46286594,Problem related to lifestyle,outcome
760,761,439790,Psychalgia,outcome
760,761,81634,Ptotic breast,outcome
760,761,380706,Regular astigmatism,outcome
760,761,141932,Senile hyperkeratosis,outcome
760,761,36713918,Somatic dysfunction of lumbar region,outcome
760,761,443172,"Splinter of face, without major open wound",outcome
760,761,81151,Sprain of ankle,outcome
760,761,72748,Strain of rotator cuff capsule,outcome
760,761,378427,Tear film insufficiency,outcome
760,761,437264,Tobacco dependence syndrome,outcome
760,761,140641,Verruca vulgaris,outcome
760,761,4180978,Vulvovaginitis,outcome
760,761,4115367,Wrist joint pain,outcome
760,761,440193,Wristdrop,outcome
758,757,434165,Abnormal cervical smear,outcome
758,757,436409,Abnormal pupil,outcome
758,757,199192,Abrasion and/or friction burn of trunk without infection,outcome
758,757,4088290,Absence of breast,outcome
758,757,4092879,Absent kidney,outcome
758,757,44783954,Acid reflux,outcome
758,757,75911,Acquired hallux valgus,outcome
758,757,137951,Acquired keratoderma,outcome
758,757,77965,Acquired trigger finger,outcome
758,757,376707,Acute conjunctivitis,outcome
758,757,4103640,Amputated foot,outcome
758,757,73241,Anal and rectal polyp,outcome
758,757,133655,Burn of forearm,outcome
758,757,73560,Calcaneal spur,outcome
758,757,434327,Cannabis abuse,outcome
758,757,4213540,Cervical somatic dysfunction,outcome
758,757,140842,Changes in skin texture,outcome
758,757,81378,Chondromalacia of patella,outcome
758,757,432303,Cocaine abuse,outcome
758,757,4201390,Colostomy present,outcome
758,757,46269889,Complication due to Crohn's disease,outcome
758,757,134438,Contact dermatitis,outcome
758,757,78619,Contusion of knee,outcome
758,757,201606,Crohn's disease,outcome
758,757,76786,Derangement of knee,outcome
758,757,4115402,Difficulty sleeping,outcome
758,757,45757370,Disproportion of reconstructed breast,outcome
758,757,433111,Effects of hunger,outcome
758,757,433527,Endometriosis (clinical),outcome
758,757,4170770,Epidermoid cyst,outcome
758,757,4092896,Feces contents abnormal,outcome
758,757,259995,Foreign body in orifice,outcome
758,757,40481632,Ganglion cyst,outcome
758,757,4166231,Genetic predisposition,outcome
758,757,433577,Hammer toe,outcome
758,757,4231770,Hereditary thrombophilia,outcome
758,757,440329,Herpes zoster without complication,outcome
758,757,4012570,High risk sexual behavior,outcome
758,757,4012934,Homocystinuria,outcome
758,757,441788,Human papilloma virus infection,outcome
758,757,4201717,Ileostomy present,outcome
758,757,374375,Impacted cerumen,outcome
758,757,4344500,Impingement syndrome of shoulder region,outcome
758,757,139099,Ingrowing nail,outcome
758,757,444132,Injury of knee,outcome
758,757,196168,Irregular periods,outcome
758,757,432593,Kwashiorkor,outcome
758,757,434203,Late effect of contusion,outcome
758,757,438329,Late effect of motor vehicle accident,outcome
758,757,195873,Leukorrhea,outcome
758,757,4083487,Macular drusen,outcome
758,757,4103703,Melena,outcome
758,757,4209423,Nicotine dependence,outcome
758,757,377572,Noise effects on inner ear,outcome
758,757,136368,Non-toxic multinodular goiter,outcome
758,757,40480893,Nonspecific tuberculin test reaction,outcome
758,757,140648,Onychomycosis due to dermatophyte,outcome
758,757,438130,Opioid abuse,outcome
758,757,4091513,Passing flatus,outcome
758,757,4202045,Postviral fatigue syndrome,outcome
758,757,373478,Presbyopia,outcome
758,757,46286594,Problem related to lifestyle,outcome
758,757,439790,Psychalgia,outcome
758,757,81634,Ptotic breast,outcome
758,757,380706,Regular astigmatism,outcome
758,757,141932,Senile hyperkeratosis,outcome
758,757,36713918,Somatic dysfunction of lumbar region,outcome
758,757,443172,"Splinter of face, without major open wound",outcome
758,757,81151,Sprain of ankle,outcome
758,757,72748,Strain of rotator cuff capsule,outcome
758,757,378427,Tear film insufficiency,outcome
758,757,437264,Tobacco dependence syndrome,outcome
758,757,140641,Verruca vulgaris,outcome
758,757,4180978,Vulvovaginitis,outcome
758,757,4115367,Wrist joint pain,outcome
758,757,440193,Wristdrop,outcome
