{
  "ExpressionLimit": {"Type": "All"},
  "CollapseSettings": {
    "CollapseType": "ERA",
    "EraPad": 14
  },
  "CensorWindow": {
    "StartDate": null,
    "EndDate": null
  },
  "ConceptSets": [
    {
      "expression": {"items": [
        {
          "isExcluded": false,
          "concept": {
            "INVALID_REASON_CAPTION": "Valid",
            "CONCEPT_ID": 19077548,
            "STANDARD_CONCEPT": "S",
            "CONCEPT_CODE": "310431",
            "VOCABULARY_ID": "RxNorm",
            "CONCEPT_NAME": "gabapentin 300 MG Oral Capsule",
            "DOMAIN_ID": "Drug",
            "STANDARD_CONCEPT_CAPTION": "Standard",
            "CONCEPT_CLASS_ID": "Clinical Drug",
            "INVALID_REASON": "V"
          },
          "includeMapped": false,
          "includeDescendants": false
        },
        {
          "isExcluded": false,
          "concept": {
            "INVALID_REASON_CAPTION": "Valid",
            "CONCEPT_ID": 797439,
            "STANDARD_CONCEPT": "S",
            "CONCEPT_CODE": "476677",
            "VOCABULARY_ID": "RxNorm",
            "CONCEPT_NAME": "gabapentin 300 MG Oral Tablet",
            "DOMAIN_ID": "Drug",
            "STANDARD_CONCEPT_CAPTION": "Standard",
            "CONCEPT_CLASS_ID": "Clinical Drug",
            "INVALID_REASON": "V"
          },
          "includeMapped": false,
          "includeDescendants": false
        },
        {
          "isExcluded": false,
          "concept": {
            "INVALID_REASON_CAPTION": "Valid",
            "CONCEPT_ID": 19112670,
            "STANDARD_CONCEPT": "S",
            "CONCEPT_CODE": "483440",
            "VOCABULARY_ID": "RxNorm",
            "CONCEPT_NAME": "pregabalin 150 MG Oral Capsule",
            "DOMAIN_ID": "Drug",
            "STANDARD_CONCEPT_CAPTION": "Standard",
            "CONCEPT_CLASS_ID": "Clinical Drug",
            "INVALID_REASON": "V"
          },
          "includeMapped": false,
          "includeDescendants": false
        }
      ]},
      "name": "[PSB]-Drug-medium level 300-clinical use",
      "id": 2
    },
    {
      "expression": {"items": [
        {
          "isExcluded": false,
          "concept": {
            "INVALID_REASON_CAPTION": "Valid",
            "CONCEPT_ID": 19077550,
            "STANDARD_CONCEPT": "S",
            "CONCEPT_CODE": "310433",
            "VOCABULARY_ID": "RxNorm",
            "CONCEPT_NAME": "gabapentin 600 MG Oral Tablet",
            "DOMAIN_ID": "Drug",
            "STANDARD_CONCEPT_CAPTION": "Standard",
            "CONCEPT_CLASS_ID": "Clinical Drug",
            "INVALID_REASON": "V"
          },
          "includeMapped": false,
          "includeDescendants": false
        },
        {
          "isExcluded": false,
          "concept": {
            "INVALID_REASON_CAPTION": "Valid",
            "CONCEPT_ID": 734392,
            "STANDARD_CONCEPT": "S",
            "CONCEPT_CODE": "483444",
            "VOCABULARY_ID": "RxNorm",
            "CONCEPT_NAME": "pregabalin 300 MG Oral Capsule",
            "DOMAIN_ID": "Drug",
            "STANDARD_CONCEPT_CAPTION": "Standard",
            "CONCEPT_CLASS_ID": "Clinical Drug",
            "INVALID_REASON": "V"
          },
          "includeMapped": false,
          "includeDescendants": false
        }
      ]},
      "name": "[PSB]-Drug-high level 600 (clinicla use)",
      "id": 3
    },
    {
      "expression": {"items": [{
        "isExcluded": false,
        "concept": {
          "INVALID_REASON_CAPTION": "Valid",
          "CONCEPT_ID": 1103314,
          "STANDARD_CONCEPT": "S",
          "CONCEPT_CODE": "10689",
          "VOCABULARY_ID": "RxNorm",
          "CONCEPT_NAME": "tramadol",
          "DOMAIN_ID": "Drug",
          "STANDARD_CONCEPT_CAPTION": "Standard",
          "CONCEPT_CLASS_ID": "Ingredient",
          "INVALID_REASON": "V"
        },
        "includeMapped": false,
        "includeDescendants": false
      }]},
      "name": "[PSB]-Drug-high level pain killer - ingredient",
      "id": 4
    },
    {
      "expression": {"items": [
        {
          "isExcluded": false,
          "concept": {
            "INVALID_REASON_CAPTION": "Valid",
            "CONCEPT_ID": 4203994,
            "STANDARD_CONCEPT": "S",
            "CONCEPT_CODE": "438374004",
            "VOCABULARY_ID": "SNOMED",
            "CONCEPT_NAME": "Cervical laminoplasty with decompression of spinal cord",
            "DOMAIN_ID": "Procedure",
            "STANDARD_CONCEPT_CAPTION": "Standard",
            "CONCEPT_CLASS_ID": "Procedure",
            "INVALID_REASON": "V"
          },
          "includeMapped": false,
          "includeDescendants": true
        },
        {
          "isExcluded": false,
          "concept": {
            "INVALID_REASON_CAPTION": "Valid",
            "CONCEPT_ID": 40483740,
            "STANDARD_CONCEPT": "S",
            "CONCEPT_CODE": "445429009",
            "VOCABULARY_ID": "SNOMED",
            "CONCEPT_NAME": "Cervical laminectomy",
            "DOMAIN_ID": "Procedure",
            "STANDARD_CONCEPT_CAPTION": "Standard",
            "CONCEPT_CLASS_ID": "Procedure",
            "INVALID_REASON": "V"
          },
          "includeMapped": false,
          "includeDescendants": true
        },
        {
          "isExcluded": false,
          "concept": {
            "INVALID_REASON_CAPTION": "Valid",
            "CONCEPT_ID": 4001857,
            "STANDARD_CONCEPT": "S",
            "CONCEPT_CODE": "119605005",
            "VOCABULARY_ID": "SNOMED",
            "CONCEPT_NAME": "Vertebral column reconstruction",
            "DOMAIN_ID": "Procedure",
            "STANDARD_CONCEPT_CAPTION": "Standard",
            "CONCEPT_CLASS_ID": "Procedure",
            "INVALID_REASON": "V"
          },
          "includeMapped": false,
          "includeDescendants": false
        }
      ]},
      "name": "[PSB]- Surgery",
      "id": 5
    }
  ],
  "EndStrategy": {"DateOffset": {
    "DateField": "StartDate",
    "Offset": 3
  }},
  "cdmVersionRange": ">=5.0.0",
  "CensoringCriteria": [],
  "QualifiedLimit": {"Type": "First"},
  "InclusionRules": [],
  "PrimaryCriteria": {
    "CriteriaList": [
      {"DrugExposure": {
        "OccurrenceEndDate": null,
        "CorrelatedCriteria": null,
        "DrugSourceConcept": null,
        "CodesetId": 2,
        "DrugTypeExclude": false,
        "Quantity": null,
        "DrugType": null,
        "ProviderSpecialty": null,
        "EffectiveDrugDose": null,
        "Gender": null,
        "DaysSupply": null,
        "DoseUnit": null,
        "VisitType": null,
        "Refills": null,
        "First": null,
        "OccurrenceStartDate": null,
        "RouteConcept": null,
        "StopReason": null,
        "LotNumber": null,
        "Age": null
      }},
      {"DrugExposure": {
        "OccurrenceEndDate": null,
        "CorrelatedCriteria": null,
        "DrugSourceConcept": null,
        "CodesetId": 3,
        "DrugTypeExclude": false,
        "Quantity": null,
        "DrugType": null,
        "ProviderSpecialty": null,
        "EffectiveDrugDose": null,
        "Gender": null,
        "DaysSupply": null,
        "DoseUnit": null,
        "VisitType": null,
        "Refills": null,
        "First": null,
        "OccurrenceStartDate": null,
        "RouteConcept": null,
        "StopReason": null,
        "LotNumber": null,
        "Age": null
      }},
      {"DrugExposure": {
        "OccurrenceEndDate": null,
        "CorrelatedCriteria": null,
        "DrugSourceConcept": null,
        "CodesetId": 4,
        "DrugTypeExclude": false,
        "Quantity": null,
        "DrugType": null,
        "ProviderSpecialty": null,
        "EffectiveDrugDose": null,
        "Gender": null,
        "DaysSupply": null,
        "DoseUnit": null,
        "VisitType": null,
        "Refills": null,
        "First": null,
        "OccurrenceStartDate": null,
        "RouteConcept": null,
        "StopReason": null,
        "LotNumber": null,
        "Age": null
      }},
      {"ProcedureOccurrence": {
        "ProcedureType": null,
        "CorrelatedCriteria": null,
        "CodesetId": 5,
        "ProcedureSourceConcept": null,
        "Quantity": null,
        "ProviderSpecialty": null,
        "Gender": null,
        "ProcedureTypeExclude": false,
        "VisitType": null,
        "First": null,
        "OccurrenceStartDate": null,
        "Modifier": null,
        "Age": null
      }}
    ],
    "PrimaryCriteriaLimit": {"Type": "All"},
    "ObservationWindow": {
      "PostDays": 0,
      "PriorDays": 0
    }
  }
}