{
  "ExpressionLimit": {"Type": "First"},
  "CollapseSettings": {
    "CollapseType": "ERA",
    "EraPad": 0
  },
  "CensorWindow": {
    "StartDate": null,
    "EndDate": null
  },
  "ConceptSets": [
    {
      "expression": {"items": [
        {
          "isExcluded": false,
          "concept": {
            "INVALID_REASON_CAPTION": "Valid",
            "CONCEPT_ID": 36716995,
            "STANDARD_CONCEPT": "S",
            "CONCEPT_CODE": "9971000119105",
            "VOCABULARY_ID": "SNOMED",
            "CONCEPT_NAME": "Spinal stenosis in cervical region with myelopathy",
            "DOMAIN_ID": "Condition",
            "STANDARD_CONCEPT_CAPTION": "Standard",
            "CONCEPT_CLASS_ID": "Clinical Finding",
            "INVALID_REASON": "V"
          },
          "includeMapped": false,
          "includeDescendants": true
        },
        {
          "isExcluded": false,
          "concept": {
            "INVALID_REASON_CAPTION": "Valid",
            "CONCEPT_ID": 4226266,
            "STANDARD_CONCEPT": "S",
            "CONCEPT_CODE": "405754008",
            "VOCABULARY_ID": "SNOMED",
            "CONCEPT_NAME": "Cervical spinal cord injury",
            "DOMAIN_ID": "Condition",
            "STANDARD_CONCEPT_CAPTION": "Standard",
            "CONCEPT_CLASS_ID": "Clinical Finding",
            "INVALID_REASON": "V"
          },
          "includeMapped": false,
          "includeDescendants": false
        },
        {
          "isExcluded": false,
          "concept": {
            "INVALID_REASON_CAPTION": "Valid",
            "CONCEPT_ID": 136198,
            "STANDARD_CONCEPT": "S",
            "CONCEPT_CODE": "65260001",
            "VOCABULARY_ID": "SNOMED",
            "CONCEPT_NAME": "Cervical spondylosis with myelopathy",
            "DOMAIN_ID": "Condition",
            "STANDARD_CONCEPT_CAPTION": "Standard",
            "CONCEPT_CLASS_ID": "Clinical Finding",
            "INVALID_REASON": "V"
          },
          "includeMapped": false,
          "includeDescendants": false
        },
        {
          "isExcluded": false,
          "concept": {
            "INVALID_REASON_CAPTION": "Valid",
            "CONCEPT_ID": 4102334,
            "STANDARD_CONCEPT": "S",
            "CONCEPT_CODE": "192907007",
            "VOCABULARY_ID": "SNOMED",
            "CONCEPT_NAME": "Myelopathy due to spondylosis",
            "DOMAIN_ID": "Condition",
            "STANDARD_CONCEPT_CAPTION": "Standard",
            "CONCEPT_CLASS_ID": "Clinical Finding",
            "INVALID_REASON": "V"
          },
          "includeMapped": false,
          "includeDescendants": false
        },
        {
          "isExcluded": false,
          "concept": {
            "INVALID_REASON_CAPTION": "Valid",
            "CONCEPT_ID": 135526,
            "STANDARD_CONCEPT": "S",
            "CONCEPT_CODE": "48522003",
            "VOCABULARY_ID": "SNOMED",
            "CONCEPT_NAME": "Spinal cord disease",
            "DOMAIN_ID": "Condition",
            "STANDARD_CONCEPT_CAPTION": "Standard",
            "CONCEPT_CLASS_ID": "Clinical Finding",
            "INVALID_REASON": "V"
          },
          "includeMapped": false,
          "includeDescendants": false
        }
      ]},
      "name": "[PSB] -Dx",
      "id": 0
    },
    {
      "expression": {"items": [
        {
          "isExcluded": false,
          "concept": {
            "INVALID_REASON_CAPTION": "Valid",
            "CONCEPT_ID": 439676,
            "STANDARD_CONCEPT": "S",
            "CONCEPT_CODE": "186747009",
            "VOCABULARY_ID": "SNOMED",
            "CONCEPT_NAME": "Coronavirus infection",
            "DOMAIN_ID": "Condition",
            "STANDARD_CONCEPT_CAPTION": "Standard",
            "CONCEPT_CLASS_ID": "Clinical Finding",
            "INVALID_REASON": "V"
          },
          "includeMapped": false,
          "includeDescendants": false
        },
        {
          "isExcluded": false,
          "concept": {
            "INVALID_REASON_CAPTION": "Valid",
            "CONCEPT_ID": 37311061,
            "STANDARD_CONCEPT": "S",
            "CONCEPT_CODE": "840539006",
            "VOCABULARY_ID": "SNOMED",
            "CONCEPT_NAME": "COVID-19",
            "DOMAIN_ID": "Condition",
            "STANDARD_CONCEPT_CAPTION": "Standard",
            "CONCEPT_CLASS_ID": "Clinical Finding",
            "INVALID_REASON": "V"
          },
          "includeMapped": false,
          "includeDescendants": false
        },
        {
          "isExcluded": false,
          "concept": {
            "INVALID_REASON_CAPTION": "Valid",
            "CONCEPT_ID": 4100065,
            "STANDARD_CONCEPT": "S",
            "CONCEPT_CODE": "27619001",
            "VOCABULARY_ID": "SNOMED",
            "CONCEPT_NAME": "Disease due to Coronaviridae",
            "DOMAIN_ID": "Condition",
            "STANDARD_CONCEPT_CAPTION": "Standard",
            "CONCEPT_CLASS_ID": "Clinical Finding",
            "INVALID_REASON": "V"
          },
          "includeMapped": false,
          "includeDescendants": false
        },
        {
          "isExcluded": false,
          "concept": {
            "INVALID_REASON_CAPTION": "Valid",
            "CONCEPT_ID": 704996,
            "STANDARD_CONCEPT": "S",
            "CONCEPT_CODE": "OMOP4912978",
            "VOCABULARY_ID": "OMOP Extension",
            "CONCEPT_NAME": "Patient meets COVID-19 laboratory diagnostic criteria",
            "DOMAIN_ID": "Observation",
            "STANDARD_CONCEPT_CAPTION": "Standard",
            "CONCEPT_CLASS_ID": "Clinical Finding",
            "INVALID_REASON": "V"
          },
          "includeMapped": false,
          "includeDescendants": false
        }
      ]},
      "name": "[PSB]-COVID19",
      "id": 1
    },
    {
      "expression": {"items": [
        {
          "isExcluded": false,
          "concept": {
            "INVALID_REASON_CAPTION": "Valid",
            "CONCEPT_ID": 19077548,
            "STANDARD_CONCEPT": "S",
            "CONCEPT_CODE": "310431",
            "VOCABULARY_ID": "RxNorm",
            "CONCEPT_NAME": "gabapentin 300 MG Oral Capsule",
            "DOMAIN_ID": "Drug",
            "STANDARD_CONCEPT_CAPTION": "Standard",
            "CONCEPT_CLASS_ID": "Clinical Drug",
            "INVALID_REASON": "V"
          },
          "includeMapped": false,
          "includeDescendants": false
        },
        {
          "isExcluded": false,
          "concept": {
            "INVALID_REASON_CAPTION": "Valid",
            "CONCEPT_ID": 797439,
            "STANDARD_CONCEPT": "S",
            "CONCEPT_CODE": "476677",
            "VOCABULARY_ID": "RxNorm",
            "CONCEPT_NAME": "gabapentin 300 MG Oral Tablet",
            "DOMAIN_ID": "Drug",
            "STANDARD_CONCEPT_CAPTION": "Standard",
            "CONCEPT_CLASS_ID": "Clinical Drug",
            "INVALID_REASON": "V"
          },
          "includeMapped": false,
          "includeDescendants": false
        },
        {
          "isExcluded": false,
          "concept": {
            "INVALID_REASON_CAPTION": "Valid",
            "CONCEPT_ID": 19112670,
            "STANDARD_CONCEPT": "S",
            "CONCEPT_CODE": "483440",
            "VOCABULARY_ID": "RxNorm",
            "CONCEPT_NAME": "pregabalin 150 MG Oral Capsule",
            "DOMAIN_ID": "Drug",
            "STANDARD_CONCEPT_CAPTION": "Standard",
            "CONCEPT_CLASS_ID": "Clinical Drug",
            "INVALID_REASON": "V"
          },
          "includeMapped": false,
          "includeDescendants": false
        }
      ]},
      "name": "[PSB]-Drug-medium level 300-clinical use",
      "id": 2
    },
    {
      "expression": {"items": [
        {
          "isExcluded": false,
          "concept": {
            "INVALID_REASON_CAPTION": "Valid",
            "CONCEPT_ID": 19077550,
            "STANDARD_CONCEPT": "S",
            "CONCEPT_CODE": "310433",
            "VOCABULARY_ID": "RxNorm",
            "CONCEPT_NAME": "gabapentin 600 MG Oral Tablet",
            "DOMAIN_ID": "Drug",
            "STANDARD_CONCEPT_CAPTION": "Standard",
            "CONCEPT_CLASS_ID": "Clinical Drug",
            "INVALID_REASON": "V"
          },
          "includeMapped": false,
          "includeDescendants": false
        },
        {
          "isExcluded": false,
          "concept": {
            "INVALID_REASON_CAPTION": "Valid",
            "CONCEPT_ID": 734392,
            "STANDARD_CONCEPT": "S",
            "CONCEPT_CODE": "483444",
            "VOCABULARY_ID": "RxNorm",
            "CONCEPT_NAME": "pregabalin 300 MG Oral Capsule",
            "DOMAIN_ID": "Drug",
            "STANDARD_CONCEPT_CAPTION": "Standard",
            "CONCEPT_CLASS_ID": "Clinical Drug",
            "INVALID_REASON": "V"
          },
          "includeMapped": false,
          "includeDescendants": false
        }
      ]},
      "name": "[PSB]-Drug-high level 600 (clinicla use)",
      "id": 3
    },
    {
      "expression": {"items": [{
        "isExcluded": false,
        "concept": {
          "INVALID_REASON_CAPTION": "Valid",
          "CONCEPT_ID": 1103314,
          "STANDARD_CONCEPT": "S",
          "CONCEPT_CODE": "10689",
          "VOCABULARY_ID": "RxNorm",
          "CONCEPT_NAME": "tramadol",
          "DOMAIN_ID": "Drug",
          "STANDARD_CONCEPT_CAPTION": "Standard",
          "CONCEPT_CLASS_ID": "Ingredient",
          "INVALID_REASON": "V"
        },
        "includeMapped": false,
        "includeDescendants": false
      }]},
      "name": "[PSB]-Drug-high level pain killer - ingredient",
      "id": 4
    },
    {
      "expression": {"items": [
        {
          "isExcluded": false,
          "concept": {
            "INVALID_REASON_CAPTION": "Valid",
            "CONCEPT_ID": 4203994,
            "STANDARD_CONCEPT": "S",
            "CONCEPT_CODE": "438374004",
            "VOCABULARY_ID": "SNOMED",
            "CONCEPT_NAME": "Cervical laminoplasty with decompression of spinal cord",
            "DOMAIN_ID": "Procedure",
            "STANDARD_CONCEPT_CAPTION": "Standard",
            "CONCEPT_CLASS_ID": "Procedure",
            "INVALID_REASON": "V"
          },
          "includeMapped": false,
          "includeDescendants": true
        },
        {
          "isExcluded": false,
          "concept": {
            "INVALID_REASON_CAPTION": "Valid",
            "CONCEPT_ID": 40483740,
            "STANDARD_CONCEPT": "S",
            "CONCEPT_CODE": "445429009",
            "VOCABULARY_ID": "SNOMED",
            "CONCEPT_NAME": "Cervical laminectomy",
            "DOMAIN_ID": "Procedure",
            "STANDARD_CONCEPT_CAPTION": "Standard",
            "CONCEPT_CLASS_ID": "Procedure",
            "INVALID_REASON": "V"
          },
          "includeMapped": false,
          "includeDescendants": true
        },
        {
          "isExcluded": false,
          "concept": {
            "INVALID_REASON_CAPTION": "Valid",
            "CONCEPT_ID": 4001857,
            "STANDARD_CONCEPT": "S",
            "CONCEPT_CODE": "119605005",
            "VOCABULARY_ID": "SNOMED",
            "CONCEPT_NAME": "Vertebral column reconstruction",
            "DOMAIN_ID": "Procedure",
            "STANDARD_CONCEPT_CAPTION": "Standard",
            "CONCEPT_CLASS_ID": "Procedure",
            "INVALID_REASON": "V"
          },
          "includeMapped": false,
          "includeDescendants": false
        }
      ]},
      "name": "[PSB]- Surgery",
      "id": 5
    }
  ],
  "cdmVersionRange": ">=5.0.0",
  "CensoringCriteria": [],
  "QualifiedLimit": {"Type": "First"},
  "InclusionRules": [
    {
      "expression": {
        "CriteriaList": [
          {
            "RestrictVisit": false,
            "StartWindow": {
              "UseEventEnd": false,
              "Start": {
                "Days": null,
                "Coeff": -1
              },
              "End": {
                "Days": 0,
                "Coeff": 1
              },
              "UseIndexEnd": false
            },
            "IgnoreObservationPeriod": false,
            "EndWindow": null,
            "Criteria": {"DrugExposure": {
              "OccurrenceEndDate": null,
              "CorrelatedCriteria": null,
              "DrugSourceConcept": null,
              "CodesetId": 3,
              "DrugTypeExclude": false,
              "Quantity": null,
              "DrugType": null,
              "ProviderSpecialty": null,
              "EffectiveDrugDose": null,
              "Gender": null,
              "DaysSupply": null,
              "DoseUnit": null,
              "VisitType": null,
              "Refills": null,
              "First": null,
              "OccurrenceStartDate": null,
              "RouteConcept": null,
              "StopReason": null,
              "LotNumber": null,
              "Age": null
            }},
            "Occurrence": {
              "Type": 0,
              "CountColumn": null,
              "IsDistinct": false,
              "Count": 0
            }
          },
          {
            "RestrictVisit": false,
            "StartWindow": {
              "UseEventEnd": false,
              "Start": {
                "Days": null,
                "Coeff": -1
              },
              "End": {
                "Days": null,
                "Coeff": 1
              },
              "UseIndexEnd": false
            },
            "IgnoreObservationPeriod": false,
            "EndWindow": null,
            "Criteria": {"DrugExposure": {
              "OccurrenceEndDate": null,
              "CorrelatedCriteria": null,
              "DrugSourceConcept": null,
              "CodesetId": 4,
              "DrugTypeExclude": false,
              "Quantity": null,
              "DrugType": null,
              "ProviderSpecialty": null,
              "EffectiveDrugDose": null,
              "Gender": null,
              "DaysSupply": null,
              "DoseUnit": null,
              "VisitType": null,
              "Refills": null,
              "First": null,
              "OccurrenceStartDate": null,
              "RouteConcept": null,
              "StopReason": null,
              "LotNumber": null,
              "Age": null
            }},
            "Occurrence": {
              "Type": 0,
              "CountColumn": null,
              "IsDistinct": false,
              "Count": 0
            }
          },
          {
            "RestrictVisit": false,
            "StartWindow": {
              "UseEventEnd": false,
              "Start": {
                "Days": null,
                "Coeff": -1
              },
              "End": {
                "Days": 0,
                "Coeff": 1
              },
              "UseIndexEnd": false
            },
            "IgnoreObservationPeriod": false,
            "EndWindow": null,
            "Criteria": {"ProcedureOccurrence": {
              "ProcedureType": null,
              "CorrelatedCriteria": null,
              "CodesetId": 5,
              "ProcedureSourceConcept": null,
              "Quantity": null,
              "ProviderSpecialty": null,
              "Gender": null,
              "ProcedureTypeExclude": false,
              "VisitType": null,
              "First": null,
              "OccurrenceStartDate": null,
              "Modifier": null,
              "Age": null
            }},
            "Occurrence": {
              "Type": 0,
              "CountColumn": null,
              "IsDistinct": false,
              "Count": 0
            }
          }
        ],
        "Type": "ALL",
        "DemographicCriteriaList": [],
        "Groups": [],
        "Count": null
      },
      "name": "no outcome",
      "description": null
    },
    {
      "expression": {
        "CriteriaList": [
          {
            "RestrictVisit": false,
            "StartWindow": {
              "UseEventEnd": false,
              "Start": {
                "Days": 0,
                "Coeff": -1
              },
              "End": {
                "Days": null,
                "Coeff": 1
              },
              "UseIndexEnd": false
            },
            "IgnoreObservationPeriod": false,
            "EndWindow": null,
            "Criteria": {"ConditionOccurrence": {
              "OccurrenceEndDate": null,
              "CorrelatedCriteria": null,
              "ConditionTypeExclude": false,
              "CodesetId": 1,
              "ProviderSpecialty": null,
              "Gender": null,
              "VisitType": null,
              "First": null,
              "OccurrenceStartDate": null,
              "ConditionType": null,
              "ConditionSourceConcept": null,
              "ConditionStatus": null,
              "StopReason": null,
              "Age": null
            }},
            "Occurrence": {
              "Type": 0,
              "CountColumn": null,
              "IsDistinct": false,
              "Count": 0
            }
          },
          {
            "RestrictVisit": false,
            "StartWindow": {
              "UseEventEnd": false,
              "Start": {
                "Days": 0,
                "Coeff": -1
              },
              "End": {
                "Days": null,
                "Coeff": 1
              },
              "UseIndexEnd": false
            },
            "IgnoreObservationPeriod": false,
            "EndWindow": null,
            "Criteria": {"Observation": {
              "ValueAsConcept": null,
              "ObservationType": null,
              "CorrelatedCriteria": null,
              "ObservationTypeExclude": false,
              "ValueAsString": null,
              "CodesetId": 1,
              "ProviderSpecialty": null,
              "Gender": null,
              "Unit": null,
              "ObservationSourceConcept": null,
              "VisitType": null,
              "ValueAsNumber": null,
              "Qualifier": null,
              "First": null,
              "OccurrenceStartDate": null,
              "Age": null
            }},
            "Occurrence": {
              "Type": 0,
              "CountColumn": null,
              "IsDistinct": false,
              "Count": 0
            }
          }
        ],
        "Type": "ANY",
        "DemographicCriteriaList": [],
        "Groups": [],
        "Count": null
      },
      "name": "COVID19",
      "description": null
    }
  ],
  "PrimaryCriteria": {
    "CriteriaList": [{"ConditionOccurrence": {
      "OccurrenceEndDate": null,
      "CorrelatedCriteria": null,
      "ConditionTypeExclude": false,
      "CodesetId": 0,
      "ProviderSpecialty": null,
      "Gender": null,
      "VisitType": null,
      "First": null,
      "OccurrenceStartDate": null,
      "ConditionType": null,
      "ConditionSourceConcept": null,
      "ConditionStatus": null,
      "StopReason": null,
      "Age": null
    }}],
    "PrimaryCriteriaLimit": {"Type": "All"},
    "ObservationWindow": {
      "PostDays": 0,
      "PriorDays": 0
    }
  }
}