targetId,comparatorId,outcomeId,outcomeName,type
230,231,434165,Abnormal cervical smear,outcome
230,231,436409,Abnormal pupil,outcome
230,231,199192,Abrasion and/or friction burn of trunk without infection,outcome
230,231,4088290,Absence of breast,outcome
230,231,4092879,Absent kidney,outcome
230,231,44783954,Acid reflux,outcome
230,231,75911,Acquired hallux valgus,outcome
230,231,137951,Acquired keratoderma,outcome
230,231,77965,Acquired trigger finger,outcome
230,231,376707,Acute conjunctivitis,outcome
230,231,4103640,Amputated foot,outcome
230,231,73241,Anal and rectal polyp,outcome
230,231,133655,Burn of forearm,outcome
230,231,73560,Calcaneal spur,outcome
230,231,434327,Cannabis abuse,outcome
230,231,4213540,Cervical somatic dysfunction,outcome
230,231,140842,Changes in skin texture,outcome
230,231,81378,Chondromalacia of patella,outcome
230,231,432303,Cocaine abuse,outcome
230,231,4201390,Colostomy present,outcome
230,231,46269889,Complication due to Crohn's disease,outcome
230,231,134438,Contact dermatitis,outcome
230,231,78619,Contusion of knee,outcome
230,231,201606,Crohn's disease,outcome
230,231,76786,Derangement of knee,outcome
230,231,4115402,Difficulty sleeping,outcome
230,231,45757370,Disproportion of reconstructed breast,outcome
230,231,433111,Effects of hunger,outcome
230,231,433527,Endometriosis (clinical),outcome
230,231,4170770,Epidermoid cyst,outcome
230,231,4092896,Feces contents abnormal,outcome
230,231,259995,Foreign body in orifice,outcome
230,231,40481632,Ganglion cyst,outcome
230,231,4166231,Genetic predisposition,outcome
230,231,433577,Hammer toe,outcome
230,231,4231770,Hereditary thrombophilia,outcome
230,231,440329,Herpes zoster without complication,outcome
230,231,4012570,High risk sexual behavior,outcome
230,231,4012934,Homocystinuria,outcome
230,231,441788,Human papilloma virus infection,outcome
230,231,4201717,Ileostomy present,outcome
230,231,374375,Impacted cerumen,outcome
230,231,4344500,Impingement syndrome of shoulder region,outcome
230,231,139099,Ingrowing nail,outcome
230,231,444132,Injury of knee,outcome
230,231,196168,Irregular periods,outcome
230,231,432593,Kwashiorkor,outcome
230,231,434203,Late effect of contusion,outcome
230,231,438329,Late effect of motor vehicle accident,outcome
230,231,195873,Leukorrhea,outcome
230,231,4083487,Macular drusen,outcome
230,231,4103703,Melena,outcome
230,231,4209423,Nicotine dependence,outcome
230,231,377572,Noise effects on inner ear,outcome
230,231,136368,Non-toxic multinodular goiter,outcome
230,231,40480893,Nonspecific tuberculin test reaction,outcome
230,231,140648,Onychomycosis due to dermatophyte,outcome
230,231,438130,Opioid abuse,outcome
230,231,4091513,Passing flatus,outcome
230,231,4202045,Postviral fatigue syndrome,outcome
230,231,373478,Presbyopia,outcome
230,231,46286594,Problem related to lifestyle,outcome
230,231,439790,Psychalgia,outcome
230,231,81634,Ptotic breast,outcome
230,231,380706,Regular astigmatism,outcome
230,231,141932,Senile hyperkeratosis,outcome
230,231,36713918,Somatic dysfunction of lumbar region,outcome
230,231,443172,"Splinter of face, without major open wound",outcome
230,231,81151,Sprain of ankle,outcome
230,231,72748,Strain of rotator cuff capsule,outcome
230,231,378427,Tear film insufficiency,outcome
230,231,437264,Tobacco dependence syndrome,outcome
230,231,140641,Verruca vulgaris,outcome
230,231,4180978,Vulvovaginitis,outcome
230,231,4115367,Wrist joint pain,outcome
230,231,440193,Wristdrop,outcome
